USE startup;


SET FOREIGN_KEY_CHECKS = 0;


-- fabricate-flush

DELETE FROM `TB_notificacao`;

-- fabricate-flush

DELETE FROM `TB_Multimidia`;

-- fabricate-flush

DELETE FROM `TB_favoritos`;

-- fabricate-flush

DELETE FROM `TB_Corretor`;

-- fabricate-flush

DELETE FROM `TB_transacao`;

-- fabricate-flush

DELETE FROM `TB_Imovel`;

-- fabricate-flush

DELETE FROM `TB_regiao`;

-- fabricate-flush

DELETE FROM `TB_USUARIO`;

-- fabricate-flush

DELETE FROM `TB_TipodeImovel`;

-- fabricate-flush

DELETE FROM `TB_PlanodeAnuncio`;

-- fabricate-flush


INSERT INTO `TB_Corretor` (`id_corretor`, `id_usuario`, `email`, `creci`, `experiencia`) VALUES
(1, '60', 'rolph.ockenden@gmail.com', '324', '21'),
(2, '52', 'inez.keyho@hotmail.com', '8477', '8'),
(3, '77', 'mason.slorance@yahoo.com', '9462', '43'),
(4, '46', 'manny.addeycott@gmail.com', '3904', '39'),
(5, '53', 'alistair.pulsford@me.com', '7733', '19'),
(6, '71', 'job.buist@yahoo.com', '79034', '39'),
(7, '1', 'sammy.smaleman@hotmail.com', '4657', '47'),
(8, '80', 'archambault.gilgryst@mail.ru', '8429', '37'),
(9, '96', 'aron.sandifer@gmail.com', '64', '27'),
(10, '65', 'sancho.powdrill@gmail.com', '797', '12'),
(11, '34', 'pearline.inker@gmail.com', '8725', '14'),
(12, '70', 'malchy.ramard@yandex.ru', '050', '45'),
(13, '100', 'man.meharg@yahoo.com', '4752', '26'),
(14, '8', 'shermie.swalteridge@live.it', '373', '24'),
(15, '29', 'rosalia.rainon@gmail.com', '9727', '17'),
(16, '28', 'deni.maccarrane@gmail.com', '5659', '33'),
(17, '23', 'reagan.snoding@yahoo.com', '008', '5'),
(18, '9', 'estel.spire@yahoo.com.au', '16', '5'),
(19, '14', 'bil.bromell@gmail.com', '01882', '28'),
(20, '66', 'rollin.seabrocke@gmail.com', '6242', '25'),
(21, '74', 'iormina.walburn@yahoo.com', '15395', '14'),
(22, '41', 'peyter.pritchett@hotmail.com', '764', '12'),
(23, '75', 'lebbie.lindsay@gmail.com', '6490', '43'),
(24, '54', 'kayle.queenborough@gmail.com', '57', '38'),
(25, '38', 'yettie.matysik@gmail.com', '78', '46'),
(26, '63', 'kirbee.mayne@gmail.com', '68274', '33'),
(27, '86', 'herby.mcfarlan@gmail.com', '02874', '17'),
(28, '40', 'carlie.carradice@hotmail.com', '37691', '12'),
(29, '95', 'claudio.benedetti@hotmail.com', '75', '35'),
(30, '17', 'adrian.ewebank@yahoo.com', '50607', '7'),
(31, '67', 'estele.shirrell@hotmail.fr', '8075', '27'),
(32, '62', 'sorcha.tremoille@live.nl', '4266', '12'),
(33, '31', 'miller.cawthorn@gmail.com', '30540', '33'),
(34, '78', 'celestina.byford@hotmail.com', '0348', '0'),
(35, '81', 'karalynn.prinnett@cox.net', '892', '49'),
(36, '85', 'austine.dyzart@yahoo.com', '734', '16'),
(37, '37', 'zola.curnokk@live.nl', '56697', '10'),
(38, '18', 'celine.filliskirk@hotmail.com', '4708', '31'),
(39, '72', 'tammi.steckings@yahoo.com', '6376', '5'),
(40, '32', 'blaine.stitfall@uol.com.br', '830', '34'),
(41, '50', 'rolando.montgomery@gmail.com', '860', '4'),
(42, '3', 'winfred.colleymore@hotmail.com', '836', '8'),
(43, '7', 'sam.rois@yahoo.com', '18', '17'),
(44, '10', 'heather.kobiera@hotmail.com', '44640', '14'),
(45, '56', 'caprice.dzenisenka@aol.com', '78', '42'),
(46, '43', 'adrian.funnell@hotmail.com', '39', '23'),
(47, '84', 'bern.ayscough@yahoo.com', '70167', '35'),
(48, '6', 'louise.martina@hotmail.fr', '0178', '5'),
(49, '5', 'tannie.beyn@gmail.com', '687', '10'),
(50, '33', 'aaron.roust@hotmail.com', '442', '12'),
(51, '79', 'jerry.double@hotmail.co.uk', '30813', '12'),
(52, '57', 'engelbert.marsden@bol.com.br', '95273', '43'),
(53, '88', 'daffie.becaris@ymail.com', '43', '30'),
(54, '27', 'doll.blundan@yahoo.com', '764', '30'),
(55, '26', 'candra.marrington@yahoo.com', '399', '3'),
(56, '25', 'rogers.cowdrey@yahoo.fr', '73449', '21'),
(57, '73', 'loraine.gegg@yahoo.com', '14', '20'),
(58, '89', 'kirby.fotitt@yahoo.co.in', '4317', '13'),
(59, '47', 'vin.wybrew@aol.com', '46', '32'),
(60, '19', 'rudiger.haulkham@gmail.com', '164', '30'),
(61, '90', 'ilysa.moodie@yahoo.com', '76172', '15'),
(62, '39', 'jessalyn.hazeldene@yahoo.co.in', '06', '39'),
(63, '16', 'alice.kindle@yahoo.co.uk', '96849', '34'),
(64, '4', 'isabelita.giovani@yahoo.com', '63', '24'),
(65, '44', 'rafaela.hydes@gmail.com', '26', '2'),
(66, '99', 'shandy.adamczewski@gmail.com', '28', '9'),
(67, '30', 'norry.pires@gmail.com', '962', '30'),
(68, '2', 'salaidh.kenafaque@gmail.com', '12163', '4'),
(69, '21', 'ambros.bakesef@bellsouth.net', '0132', '48'),
(70, '45', 'nero.bree@yahoo.com.au', '0532', '2'),
(71, '58', 'scarlet.leades@hotmail.com', '3544', '17'),
(72, '83', 'latashia.christol@msn.com', '33918', '14'),
(73, '24', 'matt.ardron@hotmail.com', '8533', '34'),
(74, '59', 'morly.minto@aol.com', '36', '21'),
(75, '92', 'sebastiano.maidstone@wanadoo.fr', '754', '33'),
(76, '51', 'trstram.lippitt@aol.com', '9825', '27'),
(77, '94', 'stesha.eyer@sfr.fr', '868', '5'),
(78, '49', 'giacopo.harber@hotmail.com', '65', '34'),
(79, '22', 'zuzana.sowood@hotmail.com', '024', '24'),
(80, '76', 'farand.dowyer@yahoo.com', '2477', '28'),
(81, '69', 'marya.brogden@hotmail.com', '784', '48'),
(82, '93', 'sonny.bannell@gmail.com', '0165', '7'),
(83, '15', 'rhiamon.duberry@hotmail.com', '361', '32'),
(84, '82', 'gusella.iacovaccio@live.com', '5937', '32'),
(85, '55', 'sargent.glave@gmail.com', '20', '45'),
(86, '97', 'malvin.piell@libero.it', '35', '41'),
(87, '36', 'darius.raubenheimers@yahoo.com', '1217', '6'),
(88, '61', 'clemmie.eakens@gmail.com', '39', '36'),
(89, '42', 'keelby.chaplyn@gmail.com', '46', '34'),
(90, '11', 'odie.medling@gmail.com', '54797', '28'),
(91, '91', 'laurie.lemm@hotmail.com', '7637', '43'),
(92, '35', 'valentia.mcelhinney@gmail.com', '7454', '21'),
(93, '12', 'vidovik.scrymgeour@gmail.com', '8481', '47'),
(94, '98', 'delaney.grange@yahoo.com', '5737', '42'),
(95, '68', 'ruthe.heaseman@gmx.de', '87322', '26'),
(96, '48', 'elvira.grono@yahoo.com', '64964', '1'),
(97, '20', 'veda.dunn@aol.com', '07960', '16'),
(98, '87', 'bayard.churchlow@mail.ru', '6487', '7'),
(99, '64', 'alyse.colbridge@gmail.com', '326', '49'),
(100, '13', 'noe.zecchinelli@yahoo.com', '139', '25');


-- fabricate-flush


INSERT INTO `TB_favoritos` (`id_favorito`, `id_usuario`, `id_imovel`, `data_adicionado`) VALUES
(1, '56', '60', '2024-05-05'),
(2, '92', '58', '2024-08-03'),
(3, '5', '46', '2024-12-06'),
(4, '11', '55', '2025-01-03'),
(5, '41', '8', '2024-05-15'),
(6, '49', '3', '2024-10-03'),
(7, '76', '33', '2024-07-07'),
(8, '69', '36', '2025-03-28'),
(9, '80', '45', '2024-12-25'),
(10, '93', '28', '2024-10-12'),
(11, '60', '87', '2025-01-18'),
(12, '52', '41', '2024-06-11'),
(13, '75', '97', '2024-11-25'),
(14, '97', '13', '2025-02-23'),
(15, '70', '38', '2024-12-12'),
(16, '25', '88', '2025-01-27'),
(17, '72', '50', '2024-07-21'),
(18, '14', '92', '2024-06-09'),
(19, '64', '93', '2024-11-06'),
(20, '42', '78', '2024-12-15'),
(21, '68', '7', '2025-01-20'),
(22, '46', '86', '2024-06-16'),
(23, '66', '42', '2024-12-30'),
(24, '35', '31', '2025-01-12'),
(25, '26', '25', '2024-10-01'),
(26, '90', '4', '2024-08-11'),
(27, '29', '30', '2024-12-11'),
(28, '16', '72', '2024-08-30'),
(29, '54', '11', '2024-10-08'),
(30, '27', '15', '2024-07-02'),
(31, '67', '71', '2024-10-31'),
(32, '96', '1', '2024-07-17'),
(33, '24', '99', '2024-05-25'),
(34, '4', '85', '2024-10-18'),
(35, '47', '98', '2025-03-24'),
(36, '78', '32', '2024-09-29'),
(37, '1', '18', '2024-07-15'),
(38, '33', '75', '2024-08-19'),
(39, '55', '24', '2025-04-09'),
(40, '3', '63', '2024-06-10'),
(41, '32', '47', '2025-03-03'),
(42, '53', '26', '2024-08-18'),
(43, '36', '12', '2025-02-21'),
(44, '40', '77', '2024-09-14'),
(45, '9', '68', '2024-08-21'),
(46, '6', '49', '2024-12-14'),
(47, '63', '35', '2025-02-22'),
(48, '84', '2', '2024-11-19'),
(49, '83', '96', '2025-03-13'),
(50, '81', '29', '2024-09-14'),
(51, '86', '59', '2025-02-21'),
(52, '18', '17', '2024-06-25'),
(53, '57', '54', '2024-10-20'),
(54, '91', '81', '2024-06-30'),
(55, '87', '76', '2024-09-30'),
(56, '89', '80', '2024-05-24'),
(57, '23', '9', '2024-09-05'),
(58, '100', '84', '2025-03-30'),
(59, '10', '82', '2024-07-01'),
(60, '37', '10', '2024-12-15'),
(61, '50', '95', '2024-09-29'),
(62, '65', '39', '2025-02-27'),
(63, '19', '57', '2025-01-15'),
(64, '51', '14', '2024-05-13'),
(65, '15', '61', '2025-03-23'),
(66, '98', '64', '2024-05-09'),
(67, '99', '16', '2024-11-15'),
(68, '58', '37', '2024-09-11'),
(69, '7', '40', '2024-11-04'),
(70, '85', '43', '2024-09-02'),
(71, '17', '91', '2025-01-02'),
(72, '8', '34', '2024-08-26'),
(73, '39', '53', '2024-09-23'),
(74, '28', '79', '2024-07-17'),
(75, '95', '70', '2024-09-09'),
(76, '59', '83', '2025-03-01'),
(77, '48', '94', '2024-09-22'),
(78, '38', '89', '2024-05-17'),
(79, '73', '27', '2024-11-15'),
(80, '22', '20', '2025-03-23'),
(81, '79', '90', '2025-01-21'),
(82, '61', '56', '2024-07-30'),
(83, '43', '100', '2024-09-19'),
(84, '30', '48', '2024-04-30'),
(85, '12', '19', '2024-10-07'),
(86, '94', '74', '2024-07-18'),
(87, '20', '51', '2025-02-08'),
(88, '45', '44', '2024-10-04'),
(89, '62', '67', '2025-03-28'),
(90, '13', '6', '2024-05-15'),
(91, '34', '5', '2024-07-28'),
(92, '2', '69', '2024-08-30'),
(93, '74', '21', '2024-09-04'),
(94, '77', '73', '2024-12-05'),
(95, '88', '22', '2024-09-02'),
(96, '44', '23', '2024-06-15'),
(97, '31', '62', '2024-08-07'),
(98, '82', '66', '2025-03-09'),
(99, '21', '52', '2024-05-16'),
(100, '71', '65', '2024-11-07');


-- fabricate-flush


INSERT INTO `TB_Imovel` (`id_imovel`, `titulo`, `descricao`, `preco`, `endereco`, `data_anuncio`, `id_tipo`, `id_regiao`, `id_usuario`, `id_plano`, `status`) VALUES
(1, 'Levamur superstitione, liberamur mortis metu.', 'Quid a singulis philosophiae disciplinis diceretur, persecuti sumus. Ut autem a facillimis ordiamur, prima veniat in medium Epicuri.', '80185.21', '5785 Groesser Place', '2025-04-22', '100', '4', '58', '42', 'Disponível'),
(2, 'Epicureum esse, si probarem, quae ille diceret? Cum praesertim illa perdiscere ludus esset. Quam ob ', 'Voluptatem, aut cum Latinis tertio consulatu conflixisse apud Veserim propter voluptatem; cum autem usus progrediens familiaritatem effecerit, tum.', '104164.34', '4052 Espinoza Lane', '2024-12-21', '18', '8', '32', '91', 'Alugado'),
(3, 'Fidem, neque homini infanti aut inpotenti iniuste facta conducunt, qui nec facile efficere possit, q', 'Declarant, sed videntur leviora, veniamus. Quid tibi, Torquate, quid huic Triario litterae, quid historiae cognitioque rerum, quid poetarum evolutio, quid.', '122520.46', '6513 Kranz Avenue', '2024-06-06', '36', '36', '26', '26', 'Indisponível'),
(4, 'Esse non possunt, victi et debilitati obiecta specie voluptatis tradunt se libidinibus constringendo', 'Perspicuum est, maximam animi aut voluptatem aut molestiam plus aut ad naturam aut contra sit, a natura ipsa iudicari. Ea quid percipit aut quid malum, sensu iudicari, sed animo etiam ac ratione intellegi posse et voluptatem pleniorem efficit. Itaque non ob ea.', '80923.74', '9402 Scotia Street', '2025-01-16', '89', '11', '24', '29', 'Vendido'),
(5, 'Eo quidem consilio, tuum iudicium ut cognoscerem, quoniam mihi.', 'Etiam, ut te consule, ipsi se indicaverunt. Quodsi qui satis sibi contra hominum conscientiam saepti esse et voluptates.', '94678.64', '4637 Callaway Drive', '2024-07-24', '50', '20', '79', '4', 'Alugado'),
(6, 'Posse a voluptate aut a voluptate aut in dolore. Omnis autem privatione doloris putat Epicurus termi', 'Tenere possumus neque vero ipsam amicitiam tueri, nisi aeque amicos et nosmet ipsos diligamus, idcirco et hoc ipsum efficitur in amicitia, et amicitia cum voluptate conectitur. Nam et ipsa declinatio ad libidinem fingitur -- ait enim declinare atomum sine causa; quo nihil posset fieri.', '105761.81', '11201 Bosie Run', '2024-06-20', '77', '14', '77', '35', 'Vendido'),
(7, 'Ait ille, sciscat et probet, id est laborum et dolorum fuga. Et harum quidem rerum facilis est et ex', 'Afficit cum vi sua atque natura, quod tranquillat animos, tum spe nihil earum rerum defuturum, quas natura non depravata desiderat.', '82403.72', '1369 Woodbreeze Place', '2024-09-12', '27', '44', '44', '45', 'Disponível'),
(8, 'Doctrina philosophi Graeco sermone tractavissent, ea Latinis litteris mandaremus, fore ut hic noster', 'Iisque M. Brutus dissentiet -- quod Graeci telos nominant --, quod ipsum nullam ad aliam rem, ad id omnia referri.', '86168.39', '4150 Towana Loop', '2025-02-26', '45', '38', '10', '17', 'Indisponível'),
(9, 'Ad sapientiam perveniri potest, non paranda nobis solum ea, sed fruenda etiam sapientia est; sive ho', 'Suscipit, ut non modo non inopem, ut vulgo putarent, sed locupletiorem etiam esse quam Graecam. Quando enim nobis, vel dicam aut oratoribus bonis aut poetis, postea quidem.', '115411.32', '7523 Malmaison Street', '2024-09-11', '54', '65', '83', '80', 'Disponível'),
(10, 'A nostris de amicitia dicenda sunt. Praeclare enim Epicurus his paene verbis: ''Eadem'', inquit, ''scie', 'Variari voluptas distinguique possit, augeri amplificarique non possit. At etiam Athenis, ut e patre audiebam facete et urbane Stoicos irridente, statua est in Ceramico Chrysippi sedentis porrecta manu, quae manus significet illum in hae esse rogatiuncula delectatum: ''Numquidnam manus.', '90216.52', '7752 Lussier Court', '2024-06-11', '42', '9', '54', '70', 'Indisponível'),
(11, 'Nec me tamen laudandis maioribus meis corrupisti nec segniorem ad respondendum reddidisti. Quorum fa', 'Tu tam egregios viros censes tantas res gessisse sine causa? Quae fuerit causa, mox videro; interea hoc tenebo, si ob aliquam causam ista, quae.', '109185.73', '738 Fieldcrest Street', '2025-02-20', '15', '83', '18', '1', 'Alugado'),
(12, 'Delectant. Est autem situm in nobis ut et voluptates et dolores animi quam corporis. Nam.', 'Mundi ornatum efficere non poterit. Ne illud quidem adduci vix possum, ut ea, quae corrigere vult, mihi quidem videtur. Ac fieri potest, ut errem, sed ita sentio et saepe etiam videmus, et perspicuum est omnis rectas res atque laudabilis eo referri, ut.', '112336.79', '7236 Cumbaa Court', '2024-09-26', '98', '22', '96', '18', 'Vendido'),
(13, 'Splendore nominis capti quid natura desideret. Tum vero, si stabilem scientiam rerum tenebimus, serv', 'Nihil tranquilli potest. Quodsi vitam omnem perturbari videmus errore.', '94765.62', '12220 James Island Street', '2024-07-29', '80', '70', '73', '58', 'Indisponível'),
(14, 'Sentio et saepe disserui, Latinam linguam non modo non.', 'Mihi legendam putem, de quo quaerimus, non quo ignorare vos arbitrer, sed ut ratione et.', '121031.44', '12299 Jersey Terrace', '2025-02-28', '83', '13', '28', '32', 'Alugado'),
(15, 'In geometriaque perfecto, huic pedalis fortasse; tantum enim esse censet, quantus videtur, vel paulo', 'Offendit noster minime nobis iniucundus labor. Iis igitur est difficilius satis facere, qui se Latina scripta dicunt contemnere. In quibus tam.', '124831.65', '5782 Brassie Terrace', '2024-11-08', '47', '86', '15', '2', 'Vendido'),
(16, 'Cives mei, nec cum iracundia.', 'In adoptionem D. Silano emancipaverat, ut eum Macedonum legatis accusantibus, quod pecunias praetorem in provincia.', '122561.20', '12068 Glenarden Path', '2024-10-01', '39', '88', '97', '73', 'Disponível'),
(17, 'Dicantur, cur nec voluptas in bonis sit numeranda nec in malis dolor, non existimant oportere nimium', 'Eorum animi noctesque diesque exeduntur, a diis inmortalibus sine ullo metu vera sentit, non dubitat, si ita res se habeat. Nam si dicent ab illis has res esse tractatas, ne ipsos quidem Graecos est cur dubitemus.', '109515.87', '4871 Boudreau Circle', '2025-04-19', '33', '2', '98', '34', 'Vendido'),
(18, 'Dissident atque discordant, ex quo vitam amarissimam necesse est in.', 'Meo arbitratu facerem, ante hoc tempus numquam est iniuria, quae autem de bene beateque vivendo a Platone disputata sunt, haec explicari non placebit Latine? Quid? Si nos non interpretum fungimur.', '95729.35', '2264 Ridgeland Path', '2024-11-04', '78', '17', '63', '36', 'Disponível'),
(19, 'Etiam cogitemus; infinitio ipsa, quam apeirian vocant, tota ab illo inventore veritatis et quasi inv', 'Obligantur. Qui autem alia malunt scribi a nobis, aequi esse debent.', '106467.05', '4912 Gloverville Terrace', '2024-11-04', '48', '26', '33', '28', 'Indisponível'),
(20, 'Artem tantam tamque et operosam et perinde fructuosam relinqueret? Non ergo Epicurus ineruditus, sed', 'Defendit Epicurus neque Metrodorus aut quisquam eorum, qui aut saperet.', '93753.15', '6734 Wilson Way', '2025-02-23', '25', '37', '82', '21', 'Alugado'),
(21, 'Eum unum secutus esset, nollem.', 'Solida utilitas omnisque puerilis est delectatio, aut se, ut Plato, in musicis, geometria, numeris, astris contereret, quae et terroribus cupiditatibusque detractis et omnium falsarum.', '118970.31', '8292 Jem Path', '2025-04-06', '28', '82', '87', '68', 'Disponível'),
(22, 'Defenditur, tamen eius modi tempora incidunt, ut labore et dolore magna.', 'Arbitratu facerem, ante hoc tempus numquam est rem, ad id omnia referri oporteat, ipsum autem nusquam. Hoc Epicurus in voluptate ponatur, sed sine hoc institutionem omnino.', '116410.89', '1724 Brett Way', '2025-02-06', '52', '94', '3', '10', 'Indisponível'),
(23, 'Sententia permanentes, quas ob causas in eorum vita nulla est intercapedo molestiae. Igitur neque st', 'Qui me ad alias litteras vocent, genus hoc scribendi, etsi sit elegans, personae tamen et dignitatis esse negent. Contra quos omnis dicendum breviter existimo. Quamquam philosophiae quidem vituperatoribus.', '97740.94', '5220 Iron Wood Lane', '2025-02-20', '68', '30', '17', '20', 'Alugado'),
(24, 'Appareat, doctrina mediocris. Ego autem quem timeam lectorem, cum ad me accedis, saluto: ''chaere,'' i', 'Ratio late patet. In quo enim maxime consuevit iactare vestra se oratio, tua praesertim, qui studiose antiqua persequeris.', '113968.29', '2229 Rahilly Road', '2025-01-02', '82', '77', '41', '16', 'Vendido'),
(25, 'Fingi potest? Quodsi vita doloribus referta maxime fugienda est, summum profecto malum est vivere cu', 'Cum soluta nobis est eligendi optio, cumque nihil impedit, quo minus omnes.', '108171.11', '6330 Ava Street', '2024-06-20', '59', '34', '69', '53', 'Disponível'),
(26, 'Nihil oportere exquisitis rationibus confirmare, tantum satis esse.', 'Huius disciplinae placet: constituam, quid et quale sit id, de quo quaerimus, non quo ignorare vos arbitrer, sed.', '115821.37', '14708 Conley Court', '2024-07-03', '69', '72', '84', '92', 'Vendido'),
(27, 'Comparandae voluptatis -- Quam autem ego dicam voluptatem, iam videtis, ne invidia verbi labefactetu', 'Oblivione obruamus et secunda iucunde ac suaviter meminerimus. Sed cum ea, quae.', '105536.50', '3671 Logan Street', '2024-09-22', '74', '81', '23', '15', 'Alugado'),
(28, 'Cillum dolore eu fugiat nulla pariatur. Excepteur sint.', 'Animo autem et laetitiam nobis voluptas animi et molestiam dolor.', '114938.78', '8443 Mariel Way', '2024-12-27', '11', '21', '45', '64', 'Indisponível'),
(29, 'Difficiles, lucifugi, maledici, monstruosi, alii autem etiam amatoriis levitatibus dediti, alii petu', 'Quae sequamur et quae vel aliter pararetur et qua etiam carere possent sine dolore tum in dedecora incurrunt, saepe etiam legum iudiciorumque poenis obligantur. Qui autem.', '109037.20', '3497 Braddy Court', '2025-01-11', '19', '5', '39', '93', 'Vendido'),
(30, 'Iucundo motu voluptatis. Sin autem summa voluptas est, ut omne, quo offendimur, dolor, doloris omnis', 'Vel extremum -- quod et.', '112367.36', '13496 Canebrake Court', '2025-02-25', '3', '15', '64', '83', 'Disponível'),
(31, 'Quam ut ipse loquerer, tum Triarius leniter arridens: Tu quidem.', 'Cupiditatibusque detractis et omnium falsarum opinionum temeritate derepta certissimam se nobis ducem praebeat ad voluptatem. Sapientia enim est a Chrysippo praetermissum in Stoicis? Legimus tamen Diogenem, Antipatrum, Mnesarchum, Panaetium, multos alios in primisque familiarem nostrum Posidonium.', '91464.18', '3167 Alcona Avenue', '2025-03-24', '44', '57', '68', '66', 'Alugado'),
(32, 'Libidinosarum etiam voluptatum. Accedunt aegritudines, molestiae, maerores, qui exedunt animos confi', 'Irridente, statua est in voluptate aut a voluptate aut in armatum hostem impetum fecisse aut in poetis evolvendis, ut ego et Triarius te hortatore facimus, consumeret, in quibus nulla solida utilitas omnisque puerilis est delectatio, aut se, ut Plato, in musicis, geometria.', '95109.33', '7295 MacKenzie Avenue', '2025-01-29', '79', '7', '13', '12', 'Indisponível'),
(33, 'Animi, id est vel summum bonorum vel ultimum vel extremum .', 'Expetendam esse dicemus, sed quia maiores consequatur. Eadem fortitudinis ratio reperietur. Nam neque laborum perfunctio neque perpessio dolorum per se.', '107264.94', '13205 Oviedo Road', '2024-08-07', '64', '79', '7', '13', 'Indisponível'),
(34, 'Aegritudo sequatur, si illa mala sint, laetitia, si bona. O praeclaram beate vivendi et apertam et s', 'Propterea quod ipsa natura, ut ait ille, sciscat et probet, id est incorruptis atque integris testibus, si infantes pueri, mutae.', '116244.72', '8656 Indale Place', '2024-05-19', '49', '62', '91', '95', 'Disponível'),
(35, 'Venisset, pauca primo inter nos ea, quae sint coniuncta explicabo brevi. Nullus in ipsis error est f', 'Mundus omnesque partes mundi, quaeque in eo essent. Quae cum tota res (est.', '104608.90', '12315 Kaufman Circle', '2024-11-10', '95', '66', '76', '51', 'Vendido'),
(36, 'Inmortalibus supplicii causa importari putant. Quae autem tanta ex improbis factis ad minuendas vita', 'Appetendi et refugiendi et omnino rerum gerendarum initia proficiscuntur aut a dolore. Quod cum ita sit, perspicuum est nihil desiderare manum, cum ita sit, perspicuum est omnis rectas res atque laudabilis eo referri, ut cum voluptate vivatur. Quoniam autem id est sint occaecat cupidatat non proident, sunt in culpa, qui officia deserunt mollit anim id est.', '77506.61', '1103 Turnberry Lane', '2024-09-29', '61', '85', '47', '31', 'Alugado'),
(37, 'Mihi illud dixeris: ''Haec enim ipsa mihi sunt voluptati, et.', 'Vel ingenii liberalitati magis conveniunt, qua qui affecti sunt in eadem causa sunt, qua ante quam nati, et ad usus civium non inutile, nosque ea scripta reliquaque eiusdem.', '82975.51', '9957 Bower Lane', '2024-11-15', '46', '92', '99', '6', 'Indisponível'),
(38, 'Non tam solido quam splendido nomine.', 'Orestem pervenias profectus a Theseo. At vero Epicurus una in domo, et ea quidem angusta, quam magnos quantaque.', '121964.89', '8526 Brunell Street', '2024-07-22', '84', '48', '34', '89', 'Alugado'),
(39, 'Necessitatibus saepe eveniet, ut et voluptates et dolores nasci fatemur.', 'Dixi, constituto, ut aut voluptates omittantur maiorum voluptatum adipiscendarum causa aut dolores suscipiantur maiorum dolorum effugiendorum gratia. Sed de clarorum hominum factis illustribus et gloriosis satis hoc loco dictum sit. Erit enim iam de omnium virtutum cursu ad voluptatem proprius disserendi locus.', '86973.45', '11193 San Bernadino Way', '2024-05-19', '71', '55', '86', '82', 'Vendido'),
(40, 'Hac exaudita quasi voce naturae sic eam firme graviterque comprehenderit.', 'Rerum, e qua ipsa horribiles existunt saepe formidines.', '77493.88', '5019 Mitchell Place', '2024-10-11', '37', '24', '38', '3', 'Disponível'),
(41, 'Veriusque quam Stoici. Illi enim negant esse bonum quicquam nisi nescio quam illam umbram, quod appe', 'Animadversionis metu contineret, saluti prospexit civium, qua intellegebat contineri.', '119859.31', '6830 Agnew Terrace', '2024-12-02', '66', '46', '21', '81', 'Vendido'),
(42, 'Augendas, cum conscientia factorum, tum poena legum odioque civium? Et tamen in quibusdam neque pecu', 'Non placuit Epicuro medium esse quiddam inter dolorem et voluptatem; illud enim ipsum, quod quibusdam medium videretur, cum omni dolore careret, non modo fautrices fidelissimae, sed etiam effectrices sunt voluptatum tam amicis quam sibi, quibus non.', '94051.95', '4913 Christopher Court', '2024-08-01', '10', '53', '90', '24', 'Disponível'),
(43, 'Aegritudine possit et sine metu vivere. Quae est enim in vita tantopere quaerendum quam cum omnia in', 'Scribere? Quodsi Graeci leguntur a Graecis isdem de rebus alia ratione compositis, quid est, quod huc possit, quod conetur, nec optinere, si effecerit, et.', '93299.91', '4911 Pageland Way', '2025-03-26', '58', '74', '70', '7', 'Alugado'),
(44, 'Utilitate, non arte laudatur, sic sapientia, quae ars vivendi putanda est, non expeteretur, si nihil', 'Nec assiduitas nec vigiliae nec ea ipsa, quae laudatur, industria, ne fortitudo quidem, sed ista sequimur, ut sine cura metuque vivamus.', '92507.73', '10143 Cardinal Court', '2024-10-28', '65', '42', '71', '50', 'Indisponível'),
(45, '-- Nihil sane. -- ''At, si voluptas summum sit bonum, affirmatis nullam omnino fore. De qua Epicurus ', 'Poterit. Ne illud quidem adduci vix.', '85210.58', '13558 Caulk Court', '2024-09-19', '30', '49', '29', '39', 'Vendido'),
(46, 'Epicuri propriae ruinae: censet enim eadem illa constituto veri a falso distinctio traditur. Restat ', 'Nos exhorrescere metu non sinat. Qua praeceptrice in tranquillitate vivi potest omnium cupiditatum ardore restincto. Cupiditates enim sunt insatiabiles, quae non modo nullam captet, sed etiam effectrices sunt voluptatum tam amicis quam sibi, quibus non solum praesentibus fruuntur, sed etiam praetereat omnes voluptates, dolores denique quosvis suscipere malit.', '92476.81', '3492 Ravine Road', '2025-04-27', '75', '67', '61', '63', 'Disponível'),
(47, 'Illa Torquatis.'' Numquam hoc ita defendit Epicurus neque Metrodorus aut quisquam eorum, qui aut sape', 'Una virtute ponunt et splendore nominis capti quid natura postulet non intellegunt, errore maximo, si Epicurum audire voluerint, liberabuntur: istae.', '115155.16', '6299 Pensacola Place', '2024-07-08', '14', '12', '92', '60', 'Alugado'),
(48, 'Adhuc nec mihi illud dixeris: ''Haec enim ipsa mihi sunt voluptati, et erant illa Torquatis.'' Numquam', 'Laetitiam nobis voluptas animi et molestiam dolor afferat, eorum tamen utrumque et ortum esse e corpore et ad corpus referri, nec ob eam causam non fuisse. -- Torquem detraxit hosti. -- Et quidem.', '101395.11', '6522 Barnhill Lane', '2024-06-13', '17', '73', '5', '90', 'Indisponível'),
(49, 'Et complectitur verbis, quod vult, et dicit plane, quod intellegam; et tamen in quibusdam neque pecu', 'Meminerunt, praesentibus non fruuntur, futura modo expectant, quae quia certa esse non possunt.', '119166.36', '8177 San Lorenzo Court', '2024-06-10', '7', '32', '89', '59', 'Disponível'),
(50, '--, quod ipsum nullam ad aliam rem, ad id autem res referuntur omnes.', 'Est usus Epicurus? Qui unum genus posuit earum cupiditatum, quae essent et naturales et necessariae, alterum, quae naturales essent nec.', '109158.80', '6908 Hengan Place', '2024-10-15', '31', '80', '49', '46', 'Alugado'),
(51, 'Commemorandis eorumque factis non emolumento aliquo, sed ipsius honestatis decore laudandis, id totu', 'Ego, inquit, potius Caecilii aut Andriam Terentii quam utramque Menandri legam? A quibus tantum dissentio, ut, cum Sophocles vel optime scripserit Electram, tamen male conversam Atilii mihi legendam.', '110712.35', '1079 Day Drive', '2025-02-04', '26', '25', '80', '9', 'Indisponível'),
(52, 'Inflammat, ut coercendi magis quam dedocendi esse videantur. Invitat igitur vera ratio bene sanos ad', 'Ratio, quae plerisque notissima est. Quam a nobis sic intelleges eitam, ut ab Homero Ennius, Afranius a Menandro solet. Nec vero, ut noster Lucilius, recusabo, quo minus id.', '94192.40', '12623 Coleman Drive', '2024-09-08', '97', '64', '67', '75', 'Vendido'),
(53, 'Et refugiendi et omnino rerum gerendarum initia proficiscuntur aut a voluptate aut a voluptate aut i', 'A falsis initiis profecta vera esse non possunt et, si essent vera, nihil afferrent, quo iucundius, id est.', '106836.79', '13166 Guarino Lane', '2024-11-21', '29', '68', '85', '61', 'Disponível'),
(54, 'Atque insitam in animis nostris inesse notionem, ut alterum esse.', 'Conturbamur ignoratione rerum, e qua ipsa horribiles existunt saepe formidines. Denique etiam morati melius erimus, cum didicerimus quid natura desideret. Tum vero, si stabilem scientiam rerum tenebimus, servata illa, quae quasi titillaret sensus, ut ita ruant.', '121671.42', '7077 Pacolet Terrace', '2024-07-24', '62', '93', '36', '40', 'Alugado'),
(55, 'Et praesentibus ita potitur, ut animadvertat quanta.', 'Igitur, quid sit extremum et ultimum bonorum, quod omnium philosophorum sententia tale debet esse, ut ad id autem res referuntur omnes, fatendum est summum esse bonum iucunde vivere. Id qui in ea voluptate velit esse cillum.', '107035.38', '12721 Parnassus Court', '2025-01-08', '1', '50', '59', '76', 'Indisponível'),
(56, 'Beatus neque sapientium non beatus. Multoque hoc melius nos veriusque quam Stoici. Illi enim negant ', 'Expetendam esse dicemus, sed quia pacem animis afferat et eos quasi concordia quadam placet ac leniat. Temperantia est enim, quae in rebus aut expetendis aut fugiendis ut.', '108076.33', '7572 Lesiege Lane', '2025-01-08', '32', '52', '40', '67', 'Vendido'),
(57, 'Dictum est, sic amicitiam negant posse a voluptate aut in dolore, sed in his rebus.', 'Ullus nec finis inveniri potest. Quodsi vitam omnem perturbari videmus errore et inscientia, sapientiamque.', '93540.68', '6062 Lone Oak Loop', '2024-05-08', '91', '6', '22', '97', 'Disponível'),
(58, 'Affecta, quem ad modum sit affectus, eum necesse est effici, ut sapiens solum amputata circumcisaque', 'Fieri quicquam sine causa dicere, -- et illum motum naturalem omnium ponderum, ut ipse constituit, e regione inferiorem locum petentium sine causa eripuit atomis.', '78820.45', '8972 Eads Terrace', '2024-06-16', '99', '3', '30', '14', 'Vendido'),
(59, 'Quibus rebus intellegitur nec intemperantiam propter se ipsos amentur. Etenim si delectamur, cum scr', 'Non possunt et, si essent vera, nihil afferrent, quo iucundius, id est quae sunt vitae sine metu degendae praesidia firmissima. -- Filium morte multavit. -- Si sine.', '119782.60', '8574 Hayward Path', '2024-08-18', '9', '16', '52', '65', 'Indisponível'),
(60, 'Improborum facta primo suspicio insequitur, dein sermo atque fama, tum accusator, tum iudex; Multi e', 'Summumque malum dolorem, idque instituit docere sic: Omne animal, simul atque natum sit, voluptatem appetere eaque gaudere ut summo bono, dolorem aspernari ut summum malum et, quantum possit, a se repellere, idque facere nondum depravatum ipsa natura incorrupte atque integre iudicante. Itaque negat opus esse ratione neque disputatione.', '112819.77', '1882 McKay Avenue', '2024-10-07', '67', '1', '14', '43', 'Alugado'),
(61, 'Potione fames sitisque depulsa est, ipsa detractio molestiae consecutionem affert voluptatis, sic in', 'Dicere, -- et illum motum.', '101709.86', '4754 Wettstein Way', '2024-11-22', '2', '54', '100', '33', 'Indisponível'),
(62, 'Probo, inquam. De cetero vellem equidem aut ipse doctrinis fuisset instructior -- est enim, quod tib', 'Enim cupiditates a natura proficiscuntur, facile explentur sine ulla iniuria, quae autem inanes sunt.', '96930.77', '1858 Toby Terrace', '2024-07-10', '23', '28', '66', '30', 'Alugado'),
(63, 'Vituperari nec fortitudinem patientiamque laudari suo nomine, sed illas reici, quia dolorem pariant,', 'Corrupte, nonne ei maximam gratiam habere debemus, qui hac exaudita quasi voce naturae sic eam firme graviterque comprehenderit.', '83978.39', '11266 Norwood Street', '2025-04-02', '21', '91', '50', '79', 'Vendido'),
(64, 'Enim virtutes, de quibus ante dictum est, sic amicitiam negant posse a voluptate discedere. Nam cum ', 'Et iis, quos modo nominavi, cum inciderit, ut id meo arbitratu facerem, ante hoc tempus numquam est possim accommodare Torquatos nostros? Quos tu paulo ante collegi, abest plurimum et, cum stultorum vitam cum sua comparat, magna afficitur voluptate. Dolores.', '97136.59', '5527 Puccio Terrace', '2024-11-12', '90', '27', '6', '87', 'Disponível'),
(65, 'Instituit docere sic: Omne animal, simul.', 'Vitae degendae et rerum gerendarum. Sic e physicis et fortitudo sumitur contra mortis timorem et constantia contra metum religionis et sedatio animi omnium rerum occultarum ignoratione sublata et moderatio natura cupiditatum generibusque earum explicatis, et, ut dixi, ad lineam.', '85468.13', '11707 Bowen Terrace', '2024-07-25', '96', '99', '65', '78', 'Alugado'),
(66, 'Epicuro scriptum est et expedita distinctio. Nam libero tempore, cum soluta nobis est eligendi optio', 'Sit, si nihil tale metuamus. Iam.', '98131.06', '5590 Ravenel Court', '2024-09-18', '87', '31', '48', '98', 'Disponível'),
(67, 'Conficiuntur et angore et metu maximeque cruciantur, cum sero sentiunt frustra se aut pecuniae studu', 'Integris testibus, si infantes pueri, mutae etiam bestiae paene loquuntur magistra ac duce natura nihil esse prosperum nisi voluptatem, nihil asperum.', '91303.87', '10309 Albatross Avenue', '2024-12-18', '73', '60', '2', '94', 'Vendido'),
(68, 'Deinde hoc quoque alienum; nam ante Aristippus, et ille melius. Addidisti ad extremum etiam indoctum', '-- Filium morte multavit. .', '117990.04', '12903 Whalin Way', '2025-03-14', '92', '35', '57', '100', 'Indisponível'),
(69, 'Causa haec finxerat, assecutus est. Nam si omnes atomi declinabunt, nullae umquam cohaerescent, sive', 'Reprimique non potest, ut non modo fautrices fidelissimae, sed etiam quid a singulis philosophiae disciplinis diceretur, persecuti sumus. Ut autem a facillimis ordiamur, prima.', '91654.57', '1750 Summerton Street', '2024-11-07', '51', '75', '11', '54', 'Alugado'),
(70, 'Quam deserere ullam officii partem, ad ea, quae senserit ille, tibi non.', 'Ponunt et splendore nominis capti quid natura postulet non intellegunt, errore maximo, si Epicurum audire voluerint, liberabuntur: istae enim vestrae eximiae pulchraeque virtutes nisi voluptatem efficerent, quis eas aut laudabilis aut expetendas arbitraretur? Ut enim aeque doleamus animo, cum corpore dolemus, fieri tamen permagna accessio potest, si aliquod aeternum et infinitum impendere.', '104703.04', '12287 Albatross Avenue', '2024-05-24', '5', '90', '9', '41', 'Disponível'),
(71, 'Quae percipitur omni dolore et molestia perfruique maximis et animi et corporis voluptatibus, videti', 'Etiam approbantibus nobis. Sic enim ab Epicuro scriptum est et expedita distinctio. Nam libero tempore, cum soluta nobis est eligendi optio, cumque nihil impedit, quo minus omnes mea legant. Utinam esset ille Persius.', '95216.69', '8309 Omega Street', '2025-02-22', '40', '96', '74', '48', 'Vendido'),
(72, 'Diligant. Quod et scripta multa sunt, sic inprobitas si cuius in mente consedit, hoc ipso, quod ades', 'Sed similia fere dici possunt. Ut enim virtutes, de quibus neque depravate iudicant neque corrupte, nonne ei maximam gratiam habere debemus, qui hac exaudita quasi voce naturae sic eam firme graviterque comprehenderit, ut omnes bene sanos ad iustitiam, aequitatem, fidem, neque homini infanti aut inpotenti iniuste facta conducunt.', '85279.37', '12199 Gaylark Avenue', '2024-11-01', '13', '45', '1', '27', 'Indisponível'),
(73, 'Nec intemperantiam propter se expetendam esse dicemus, sed quia consequuntur magni dolores eos, qui ', 'Has optari, quia voluptatem. Iustitia restat, ut de commodis suis cogitarent? At id ne ferae quidem faciunt, ut ita ruant itaque turbent, ut earum motus et impetus quo pertineant non.', '78582.29', '8953 Gutierrez Place', '2025-02-26', '81', '71', '93', '47', 'Vendido'),
(74, 'Quaeque cernantur, omnia, eumque motum atomorum nullo a principio, sed ex aeterno tempore intellegi ', 'Cum sero sentiunt frustra se aut pecuniae studuisse aut imperiis aut opibus aut gloriae. Nullas enim consequuntur voluptates, quarum potiendi spe inflammati multos labores magnosque susceperant. Ecce autem alii minuti et angusti aut omnia semper desperantes.', '109328.83', '14676 Barrel Loop', '2024-07-14', '76', '78', '12', '69', 'Disponível'),
(75, 'Locos quidem quosdam, si videbitur, transferam, et maxime ab iis, quos modo nominavi, cum inciderit,', 'Ex aeterno tempore intellegi convenire. Epicurus autem, in quibus tam multis tamque variis ab ultima antiquitate repetitis tria vix amicorum paria reperiuntur.', '116522.40', '12061 Cree Court', '2024-06-10', '93', '56', '88', '55', 'Indisponível'),
(76, 'Quidem oderis, ut fere faciunt, qui ab eo nos abducat? Sin laboramus, quis est.', 'Comprobavit. Quod quam magnum sit fictae veterum fabulae declarant, in quibus tam multis tamque variis ab ultima antiquitate repetitis tria vix amicorum paria reperiuntur, ut ad Orestem.', '102125.56', '4313 Vandenberg Court', '2024-05-28', '20', '59', '8', '23', 'Alugado'),
(77, 'Nihil sane praeter sedulitatem probarent, omnes mihi Epicuri sententiae satis notae sunt. Atque eos,', 'Dixi, sole ipso illustriora et clariora sunt, si omnia deorsus e regione ferrentur et, ut dixi, ad lineam, hunc naturalem esse omnium corporum motum. Deinde ibidem homo acutus, cum illud ocurreret, si.', '114209.85', '10571 Wesley Street', '2025-04-05', '55', '40', '78', '38', 'Indisponível'),
(78, 'Atque Sabinum, municipem Ponti, Tritani, centurionum, praeclarorum hominum ac primorum signiferumque', '--, haec, quae vitam omnem continent, neglegentur? Nam, ut sint.', '97996.47', '1097 Hollyberry Place', '2025-02-07', '70', '41', '46', '52', 'Vendido'),
(79, 'Quod videamus esse finitum. In dialectica autem vestra nullam existimavit esse nec ad melius vivendu', 'Collegi, abest plurimum et, cum stultorum vitam cum sua comparat, magna afficitur voluptate. Dolores autem si qui incurrunt, numquam vim tantam habent, ut non plus voluptatum habeat quam dolorum. Nam et praeterita grate meminit et praesentibus ita potitur, ut animadvertat quanta sint.', '88423.62', '11580 Mindy Place', '2024-07-01', '57', '76', '95', '96', 'Disponível'),
(80, 'Inter principes civitatis, P. Scaevolam M''.que Manilium, ab iisque.', 'Importari putant. Quae autem tanta ex improbis factis ad minuendas.', '104690.67', '824 Scotia Street', '2024-05-19', '16', '18', '16', '74', 'Alugado'),
(81, '--, haec, quae de philosophia litteris mandamus, legere assueverit, iudicabit nulla ad legendum his ', 'Dolore caret, id in voluptate velit esse.', '89273.04', '7628 Dario Court', '2025-02-15', '63', '10', '31', '72', 'Alugado'),
(82, 'Locos ab Aristotele ante tractatos? Quid? Epicurei num desistunt de isdem, de quibus et ab Epicuro s', 'Videtur quibusdam stabilitas amicitiae vacillare, tuentur tamen eum locum seque facile, ut mihi videtur, expediunt. Ut enim mortis metu omnis quietae vitae status perturbatur, et ut succumbere doloribus eosque humili animo inbecilloque ferre miserum est, ob eamque debilitatem animi multi.', '124401.16', '7343 Swansea Terrace', '2025-04-05', '22', '97', '72', '56', 'Indisponível'),
(83, 'Ab eo nos abducat? Sin laboramus, quis est, qui alienae modum statuat industriae? Nam ut.', 'Explicabo, voluptas ipsa quae qualisque sit, ut tollatur error omnis imperitorum intellegaturque ea, quae sensum moveat, nulla successerit, eoque intellegi potest quanta voluptas sit non dolere. Sed ut perspiciatis, unde omnis iste natus error sit voluptatem accusantium doloremque laudantium, totam rem aperiam eaque ipsa.', '81954.57', '5548 Naples Place', '2025-02-17', '8', '39', '81', '62', 'Disponível'),
(84, 'Deserere ullam officii partem, ad ea, quae sensum moveat, nulla successerit, eoque intellegi potest ', 'Res consilio ipsius et ratione administrari neque maiorem voluptatem ex infinito tempore aetatis percipi posse, quam ex hoc facillime perspici potest: Constituamus.', '122524.84', '7143 Furman Loop', '2025-01-25', '86', '51', '75', '37', 'Vendido'),
(85, 'Et conformavit, ut mihi quidem depravare videatur. Ille atomos quas appellat, id est voluptatem et d', 'Voluptatum. Accedunt aegritudines, molestiae, maerores, qui exedunt animos conficiuntque.', '112549.23', '7789 Palmetto Drive', '2025-01-18', '72', '89', '4', '11', 'Disponível'),
(86, 'Natura nihil esse maius amicitia, nihil uberius, nihil iucundius. Nec vero quisquam stultus non horu', 'Neque corrupte, nonne ei maximam gratiam habere debemus, qui hac exaudita quasi voce naturae sic eam firme graviterque comprehenderit, ut omnes.', '120343.25', '7185 Endsley Court', '2024-08-27', '94', '33', '37', '44', 'Indisponível'),
(87, 'Fugiat, sed quia consequuntur magni dolores eos, qui ratione voluptatem sequi nesciunt, neque porro ', 'Leniat. Temperantia est enim, quod tibi ita videri necesse est, quid aut.', '119240.43', '14616 Othello Court', '2024-05-19', '41', '19', '19', '99', 'Alugado'),
(88, 'Nos a libidinum impetu et a spe pariendarum voluptatum seiungi non.', 'Nihil oportere exquisitis rationibus confirmare, tantum satis esse admonere. Interesse enim inter argumentum conclusionemque rationis et inter mediocrem animadversionem atque admonitionem. Altera occulta quaedam et horrida, de malis Graecis Latine scripta deterius. Quibus ego assentior, dum.', '79018.51', '10191 Glenarden Path', '2024-10-25', '35', '87', '94', '84', 'Vendido'),
(89, 'Quam Stoici. Illi enim negant esse bonum quicquam nisi nescio quam illam umbram, quod appellant hone', 'Se cohaerescant, ex quo intellegitur.', '101715.07', '2843 Jolene Place', '2024-11-11', '85', '98', '20', '86', 'Vendido'),
(90, 'Ullam corporis suscipit laboriosam, nisi ut aliquid ex ea.', 'Fortasse; tantum enim esse censet, quantus videtur, vel paulo aut.', '88880.35', '7335 Jupiter Way', '2024-12-27', '56', '63', '51', '71', 'Disponível'),
(91, 'Reliquerunt. Sed hoc commune vitium, illae Epicuri propriae ruinae: censet enim eadem illa atomorum,', 'Hac exaudita quasi voce naturae sic.', '121173.88', '888 Oberlin Court', '2024-08-08', '4', '69', '53', '77', 'Indisponível'),
(92, 'Quia iucunditatis vel plurimum afferat. Nam diligi et carum esse iucundum est.', 'Copulationesque et consuetudinum instituendarum voluntates fieri propter voluptatem; quod vero securi percussit.', '80590.91', '7036 Esbenshade Way', '2024-07-18', '34', '95', '62', '88', 'Alugado'),
(93, 'Nos ea, quae dices, libenter assentiar. Probabo, inquit, modo ista sis aequitate, quam ostendis. Sed', 'Perspexit in hoc ipso vitae spatio amicitiae praesidium esse firmissimum.'' Sunt autem quidam Epicurei timidiores paulo contra vestra convicia, sed tamen satis acuti, qui verentur ne, si.', '87859.89', '13624 Dorchester Avenue', '2024-09-18', '38', '29', '35', '49', 'Disponível'),
(94, 'Minus ab eo nos abducat? Sin laboramus, quis est, qui dolorem ipsum, quia dolor sit, amet, consectet', 'Corrumpit, quae sequitur sunt tota Democriti, atomi, inane.', '77349.73', '13189 Chester Court', '2024-08-15', '24', '100', '56', '8', 'Vendido'),
(95, 'Vivi, nisi sapienter, honeste iusteque vivatur, nec.', 'Invidi, difficiles, lucifugi, maledici, monstruosi, alii autem etiam amatoriis levitatibus dediti, alii.', '111450.20', '1332 Tia Terrace', '2024-05-01', '43', '47', '27', '85', 'Alugado'),
(96, 'Solida corpora ferri deorsum suo pondere ad lineam, hunc naturalem esse omnium corporum motum. Deind', 'Dediti, alii petulantes, alii audaces, protervi, idem intemperantes et ignavi, numquam in sententia permanentes, quas ob.', '120731.03', '1048 Pacific Lane', '2024-05-28', '53', '23', '25', '57', 'Indisponível'),
(97, 'Si ea, quae sensum moveat, nulla successerit, eoque intellegi potest quanta voluptas sit non dolere.', 'Delectat, cum tractat locos ab Aristotele ante tractatos? Quid? Epicurei num desistunt de isdem, de quibus et ab antiquis, ad arbitrium suum.', '120118.93', '7169 Lewis Lane', '2024-08-25', '6', '61', '43', '5', 'Disponível'),
(98, 'Videatur. Ille atomos quas appellat, id est voluptatem et dolorem. Ad haec et quae fugiamus refert o', 'Adolescens, ei disputationi interesset. Nam cum ad me de virtute misisti. Sed ex eo perciperet corpore voluptatem, aut cum Latinis tertio consulatu conflixisse apud.', '115650.07', '1904 Yuma Place', '2024-10-02', '88', '43', '55', '22', 'Indisponível'),
(99, 'Maiores fuissent, et in conspectum suum venire vetuit, numquid tibi videtur de voluptatibus suis cog', 'Et molestiae non recusandae. Itaque earum rerum.', '88375.40', '10634 Inner Circle', '2024-06-15', '60', '84', '42', '19', 'Alugado'),
(100, 'Voluptate. Neque enim disputari sine reprehensione nec.', 'Deterruisset alios a studiis. Quamquam te quidem video minime esse deterritum.', '82759.30', '8650 Wickham Court', '2025-04-19', '12', '58', '60', '25', 'Vendido');


-- fabricate-flush


INSERT INTO `TB_Multimidia` (`id_midia`, `id_imovel`, `tipo`, `url`) VALUES
(1, '9', 'Vídeo', 'https://multiply.com/ornamenta/neglexerit/nam/illud/navigandi.htm?et&molestia&perfruique'),
(2, '97', 'Imagem', 'https://goo.gl/quidem/se/texit/ne/excruciant.dbf?quidem&non'),
(3, '62', 'Imagem', 'https://gizmodo.com/rerum/natura/perspecta/audire.mdb'),
(4, '7', 'Vídeo', 'https://google.co.jp/permulta/dicantur/in.msh1xml?impetus&quo&pertineant'),
(5, '67', 'Vídeo', 'https://github.io/afficitur/voluptate/dolores/autem/si/sit.xz?quam'),
(6, '58', 'Imagem', 'https://github.com/quorum/voluptate.pdf?percipi&posse&quam&ex'),
(7, '68', 'Imagem', 'https://quantcast.com/suscipere/.png?utramque&menandri&legam'),
(8, '60', 'Vídeo', 'https://clickbank.net/fortunam/intervenire/maledicta.lnk'),
(9, '45', 'Vídeo', 'https://vinaora.com/studium/deinde/torquatus/quoniam/nacti/horreat.psm1?fieri'),
(10, '5', 'Imagem', 'https://loc.gov/et/proident.json?tanta&tot&versuum&memoria&voluptatis'),
(11, '93', 'Imagem', 'https://state.gov/imperii/disciplinam/exercitumque/in/frui.mkv'),
(12, '74', 'Vídeo', 'http://taobao.com/tranquilli/potest/quodsi/atque.desktop?placet'),
(13, '40', 'Imagem', 'https://shareasale.com/is/conscientiam.7z?omnis&autem'),
(14, '53', 'Vídeo', 'https://howstuffworks.com/ad/tranquillitatem/ferant/quid/est/depravata.json'),
(15, '83', 'Vídeo', 'http://amazon.com/nos/exhorrescere/metu/an.apk'),
(16, '44', 'Imagem', 'https://dropbox.com/nihil/ad/graecis.gz?rerum&defuturum&quas&natura&non'),
(17, '85', 'Imagem', 'https://mapquest.com/tranquillitatem/pleniorem.msh1?et&inscientia&sapientiamque&esse&solam'),
(18, '17', 'Vídeo', 'https://noaa.gov/litteras/opibus.pssc?nostra&mens'),
(19, '30', 'Imagem', 'http://sourceforge.net/autem/voluptates/et/memoria.png?improbe&parta&minuit'),
(20, '61', 'Vídeo', 'https://engadget.com/vitae/sine/metu/vivere/praetore.cmd?litteris&uti'),
(21, '33', 'Vídeo', 'https://wordpress.com/firmissimum/sunt/autem/maiores.aac?est&corpora&individua'),
(22, '6', 'Imagem', 'https://state.gov/astris/labor.mds'),
(23, '81', 'Vídeo', 'https://pbs.org/dignitatis/esse/negent/contra/nos.ps1?universas&familias&evertunt&totam&etiam'),
(24, '96', 'Imagem', 'https://sphinn.com/est/extremum/autem/esse/bonorum/quae.pfx?molestiam'),
(25, '32', 'Vídeo', 'https://theguardian.com/ab/ultima/antiquitate/repetitis/tria/suscipiantur.png?etenim&quoniam'),
(26, '52', 'Imagem', 'https://google.nl/vel/utrisque/litteris/uti/tenuit.exe?inter&mediocrem&animadversionem&atque'),
(27, '89', 'Vídeo', 'https://youku.com/sine/causa/ea.mshxml?videantur&vide&quantum&inquam'),
(28, '21', 'Imagem', 'https://macromedia.com/philosopho/si/voluptatem.ods'),
(29, '11', 'Imagem', 'https://shop-pro.jp/afficit/cum/vi/sua/ut.pptx?laborat&nemo&igitur'),
(30, '23', 'Vídeo', 'https://so-net.ne.jp/omne/autem/id/quas.crt?quidem'),
(31, '100', 'Imagem', 'https://istockphoto.com/urbane/stoicos/sensibus.rtf?hominum&studia&viderer&retinere'),
(32, '50', 'Vídeo', 'https://people.com.cn/nihil/posset/modo.pssc?ignoratione&rerum'),
(33, '16', 'Imagem', 'https://freewebs.com/damna/avocent.msh?voluptates&expetendam&et&dolorem'),
(34, '35', 'Vídeo', 'https://eepurl.com/studiis/consiliisque/eoque.json?medium&videretur'),
(35, '57', 'Imagem', 'https://gravatar.com/scaevolam/mque/viderer.css'),
(36, '49', 'Vídeo', 'http://who.int/habet/cupiditates/neglegit/mortem/timentis.txt?gravitate&brevis&soleat'),
(37, '75', 'Imagem', 'http://eventbrite.com/infinito/inani/eos.nrg?atqui&pugnantibus&et'),
(38, '1', 'Vídeo', 'https://vimeo.com/fere/putem.7z?inducitur'),
(39, '15', 'Vídeo', 'https://creativecommons.org/quod/disserunt/praeterea/sublata/cognitione/videbitur.odp?in&oculis&quidem'),
(40, '39', 'Imagem', 'https://joomla.org/deinde/hoc/maiestatis.cmd?naturam&ipsam&movet'),
(41, '41', 'Vídeo', 'https://vimeo.com/ipsius/fortunae/modice/ullamco.cer?voluptate&conectitur&nam'),
(42, '2', 'Imagem', 'https://theatlantic.com/non/intellegunt/errore/alii.mp4?non&fere&labitur&quamquam&utriusque'),
(43, '98', 'Imagem', 'https://cnn.com/ex/amicitia/tamen/ipsi/caritatem.cfg?vulgo'),
(44, '95', 'Vídeo', 'https://sogou.com/fuisse/in/disserunt.asp'),
(45, '24', 'Imagem', 'https://elegantthemes.com/esse/omnino/in/nostris/poetis/semper.odg?sed'),
(46, '28', 'Vídeo', 'https://hp.com/diuturnitatem/allevatio/consoletur/ad/platone.rpm'),
(47, '19', 'Vídeo', 'http://buzzfeed.com/quae/sint/ea/facere/ipsa/appellant.avi?illum&motum&naturalem&omnium'),
(48, '72', 'Imagem', 'https://senate.gov/nihil/impedit/quo/minus/tempore.gz?conversa&de&graecis'),
(49, '88', 'Imagem', 'https://topsy.com/sic/expediunt.xz?graecis&legendis&operam'),
(50, '99', 'Vídeo', 'https://youtube.com/ut/iis/bonis/est.cmd'),
(51, '86', 'Imagem', 'https://cnn.com/ordiamur/prima/veniat/in/medium/quibus.mp4?se'),
(52, '56', 'Vídeo', 'https://gizmodo.com/de/litteris/quarum/summum/erat/physicis.svg?nisi&molestum&est&habeo&quae'),
(53, '4', 'Imagem', 'https://technorati.com/illum/eas.avi'),
(54, '69', 'Vídeo', 'https://zdnet.com/doctissimos/magis.xml?quod&semel'),
(55, '36', 'Vídeo', 'https://tumblr.com/summo/bono/dolorem/aspernari/accurate.psc1?modo'),
(56, '51', 'Imagem', 'https://soundcloud.com/qui/verentur/ne/si/dissident.pssc'),
(57, '43', 'Vídeo', 'https://360.cn/meminerit/maximos/morte/finiri/parvos/bonorum.db?eo'),
(58, '34', 'Imagem', 'https://gravatar.com/quo/pertineant/non/intellegamus/materia.dmg?autem&quondam'),
(59, '26', 'Imagem', 'https://un.org/consequat/duis/indignius.tsv?in&fructu&habendus&disseretur'),
(60, '87', 'Vídeo', 'http://godaddy.com/detracto/nam/quoniam/cum/bonum.dbf'),
(61, '14', 'Vídeo', 'https://ask.com/antiopam/laetitiam.ps1xml?ego&arbitror&unum&vidisse'),
(62, '42', 'Imagem', 'https://google.de/atque/ad/quoquo.gif?displicet&philosophari&quidam&autem&non'),
(63, '54', 'Imagem', 'https://dyndns.org/probabis/nec.png?tribuat&quid&in&omni'),
(64, '91', 'Vídeo', 'https://themeforest.net/ab/ultima/antiquitate/repetitis/sic.p12?sedulitatem&probarent&omnes&mihi&epicuri'),
(65, '31', 'Vídeo', 'http://businessweek.com/dare/quae/recte/dicere.toml?tam&amicis&quam'),
(66, '20', 'Imagem', 'https://cisco.com/eo/essent/fuisset.cfg?praetorem&in&provincia&cepisse'),
(67, '79', 'Vídeo', 'https://naver.com/in/disputando/pertinaces/indignae/philosophia/sunt.psd1?principio'),
(68, '90', 'Imagem', 'https://guardian.co.uk/potest/si/inquit.ppt?erat'),
(69, '25', 'Imagem', 'https://cdbaby.com/multo/probabis.scf?esse'),
(70, '29', 'Vídeo', 'https://mayoclinic.com/nulla/sit/est.html?omnes&bene&sanos&ad&iustitiam'),
(71, '3', 'Imagem', 'https://geocities.com/medium/epicuri/ratio/quae/plerisque/pertineant.vcd?te&enim&iudicem&aequum'),
(72, '64', 'Vídeo', 'https://wp.com/in/conspectum/medeam.cer?'),
(73, '92', 'Vídeo', 'http://rambler.ru/prorsus/existimo/neque/isti.jpeg?in&quo'),
(74, '94', 'Imagem', 'https://mit.edu/consequuntur/magni/depravata.cfg?vero'),
(75, '65', 'Imagem', 'https://cdbaby.com/quisque/tribuat/posse.wav?nec&expectata'),
(76, '22', 'Vídeo', 'https://samsung.com/eo/quoque/elaborare/ut/nostram.msi?ipsum'),
(77, '48', 'Imagem', 'https://europa.eu/enim/necesse/est/effici/ut/enim.scf?voluptatem&sequi&nesciunt&neque'),
(78, '76', 'Vídeo', 'https://nyu.edu/lucilius/recusabo/quo/minus/id/regula.wma?vulgo&putarent&sed'),
(79, '47', 'Imagem', 'https://pagesperso-orange.fr/et/terminatas/habet/quibus.pfx'),
(80, '80', 'Vídeo', 'https://eepurl.com/debitis/aut/rerum/doloribus.nrg?culpa'),
(81, '18', 'Imagem', 'https://vk.com/hominum/consuetudine/facilius/fieri/poterit/at.xhtml?dolore&sed&in'),
(82, '84', 'Vídeo', 'https://slideshare.net/error/omnis/afferrent.bz2?re&cum&sit&inter'),
(83, '10', 'Imagem', 'https://i2i.jp/egregios/viros/censes/ut.psc1'),
(84, '38', 'Vídeo', 'https://rediff.com/nihil/male.svg?et'),
(85, '70', 'Vídeo', 'http://4shared.com/nos/autem/hoc.htm?ordiamur'),
(86, '78', 'Imagem', 'https://naver.com/etiam/amatoriis/levitatibus/dediti/alii/dolorem.pptx?fallare'),
(87, '77', 'Vídeo', 'https://youtu.be/voluptate/et/dolore/de.psm1?omnis&quietae&vitae&status'),
(88, '37', 'Imagem', 'https://wired.com/quo/intellegitur/intellegerem.iso?amici&propter'),
(89, '13', 'Vídeo', 'http://cmu.edu/legantur/quamquam/si/plane/sic/etiam.msh2?m&brutus&dissentiet&'),
(90, '66', 'Imagem', 'https://dell.com/contra/semper/afficit/cum/vi/vacillare.bat?maluisti'),
(91, '8', 'Imagem', 'https://nhs.uk/legere/assueverit/numquam.log?physicis'),
(92, '55', 'Vídeo', 'https://upenn.edu/eligendi/optio/cumque/nihil/impedit/videtisne.js?si&afferat'),
(93, '71', 'Imagem', 'https://buzzfeed.com/ferre/nisi.tar?chrysippe&concessum'),
(94, '59', 'Vídeo', 'https://hc360.com/ut/enim/ad/minim/inmortalibus.pdf?sit&nisi&cum&voluptate&vivere'),
(95, '63', 'Vídeo', 'https://cdc.gov/si/fruentem.jks?recordatione'),
(96, '27', 'Imagem', 'https://va.gov/easque/ipsas/sollicitudines/quibus/omnis.odp?cura&et&angore'),
(97, '82', 'Vídeo', 'https://japanpost.jp/patientiamque/laudari/suo/nomine/est.aspx?renovata'),
(98, '12', 'Imagem', 'https://yahoo.com/saepe/albam.txt?ipsam&voluptatem'),
(99, '73', 'Imagem', 'https://columbia.edu/neque/eum/torquatum/qui/hoc/voluptatem.pdf?vivendum&sapientia&comparaverit&nihil&esse'),
(100, '46', 'Vídeo', 'https://github.io/quid/ego/intellegerem/sed/ingenii.jks?esse&e');


-- fabricate-flush


INSERT INTO `TB_notificacao` (`id_notificacao`, `id_usuario`, `mensagem`, `data_envio`) VALUES
(1, '16', 'Omnis imperitorum intellegaturque ea, quae sensum moveat, nulla successerit, eoque intellegi potest quanta voluptas sit non dolere. Sed ut omittam pericula, labores, dolorem etiam, quem optimus quisque pro patria et.', '2024-10-09'),
(2, '54', 'Cum didicerimus quid natura postulet non intellegunt, errore maximo, si Epicurum audire voluerint, liberabuntur: istae enim vestrae eximiae.', '2025-04-01'),
(3, '27', 'Et praesentibus ita potitur, ut animadvertat quanta sint ea quamque iucunda, neque pendet ex futuris, sed expectat illa, fruitur praesentibus ab iisque vitiis, quae paulo ante.', '2024-12-07'),
(4, '67', 'Esse animo, quod sit iudicatum. Plerique autem, quod tenere atque servare id, quod maxime placeat, facere possimus, omnis voluptas assumenda.', '2025-01-23'),
(5, '96', 'Qui in ea voluptate velit esse, quam nihil praetermittatur quod vitam adiuvet, quo facilius id, quod maxime placeat.', '2024-08-28'),
(6, '24', 'Iis, quos ego posse iudicare arbitrarer, plura suscepi veritus ne movere hominum.', '2024-07-20'),
(7, '4', 'Postulant in eo, quod sit a dolore corporis praesenti futurove seiunctum. Nec vero quisquam stultus.', '2024-07-31'),
(8, '47', 'Vult, mihi quidem nulli satis eruditi videntur, quibus nostra ignota sunt. An ''Utinam ne in nemore . . .'' nihilo minus legimus quam hoc idem Graecum, quae autem inanes sunt, iis parendum non est. Nihil enim desiderabile concupiscunt, plusque in ipsa iniuria detrimenti est quam in iis corrigere voluit, deteriora fecit. Disserendi.', '2025-01-12'),
(9, '78', 'Vacare omni dolore careret, non modo nullam captet, sed etiam cogitemus; infinitio ipsa, quam apeirian vocant, tota ab illo est.', '2024-06-15'),
(10, '1', 'Credo. -- ''Non est igitur voluptas bonum.'' Hoc.', '2025-04-22'),
(11, '33', 'Malum et, quantum possit, a se.', '2025-04-11'),
(12, '55', 'Dissensio, quis alienum putet eius esse dignitatis, quam mihi quisque tribuat, quid in omni re doloris amotio successionem efficit voluptatis. Itaque non placuit Epicuro medium esse quiddam inter dolorem et voluptatem; illud enim ipsum, quod quibusdam medium videretur, cum.', '2024-09-07'),
(13, '3', 'Intereant cotidie. Quae etsi mihi nullo modo poterimus sensuum iudicia defendere. Quicquid porro animo cernimus, id omne oritur a sensibus; qui si omnes veri erunt, ut Epicuri ratio docet, tum denique poterit aliquid cognosci et percipi. Quos qui tollunt et nihil posse percipi dicunt.', '2024-06-20'),
(14, '32', 'Ad Epicurum. Nam si ea sola voluptas esset, quae quasi saxum Tantalo semper impendet, tum superstitio, qua qui est imbutus quietus.', '2024-10-08'),
(15, '53', 'Ex rebus expetendis, quid fugiat ut extremum malorum? Qua de re cum sit inter doctissimos summa dissensio, quis alienum putet eius esse dignitatis, quam mihi quisque tribuat, quid in omni re doloris amotio successionem efficit voluptatis. Itaque non placuit Epicuro.', '2025-03-22'),
(16, '36', 'Hostis mi Albucius, hinc inimicus. Sed iure Mucius. Ego autem mirari satis non queo unde hoc.', '2024-11-18'),
(17, '40', 'Exercitation ullamco laboris nisi ut aliquip ex ea commodi consequatur? Quis autem vel eum iure reprehenderit, qui in ea voluptate velit esse cillum dolore eu fugiat nulla pariatur. Excepteur sint occaecat cupidatat non proident, sunt in culpa, qui officia deserunt mollitia animi, id est corpora individua propter soliditatem, censet in infinito inani, in quo a nobis.', '2024-05-03'),
(18, '9', 'Simulent, et iis quidem non admodum indoctis, totum hoc displicet philosophari. Quidam autem non tam solido quam splendido nomine, virtutem autem nixam hoc honesto nullam requirere voluptatem atque ad beate vivendum sapientia comparaverit, nihil esse prosperum.', '2024-11-24'),
(19, '6', 'Imperiis aut opibus aut gloriae. Nullas enim consequuntur voluptates, quarum potiendi spe inflammati multos labores magnosque susceperant. Ecce autem alii minuti et angusti aut omnia semper desperantes aut.', '2025-02-11'),
(20, '63', 'Ita dicam, et ad usus civium non inutile, nosque ea scripta reliquaque eiusdem generis.', '2024-08-18'),
(21, '84', 'Gravis et doctus adolescens, ei disputationi interesset. Nam cum ad te ne.', '2024-06-24'),
(22, '83', 'Ineruditus, sed ii indocti, qui, quae pueros non didicisse turpe est, ea putant usque ad senectutem esse discenda. Quae cum tota res (est) ficta pueriliter, tum ne efficit quidem, quod.', '2025-03-16'),
(23, '81', 'Vivere. Huic certae stabilique sententiae quae sint coniuncta explicabo brevi. Nullus in ipsis error est finibus bonorum et malorum, id est incorruptis atque integris testibus, si infantes pueri, mutae etiam bestiae paene loquuntur magistra ac duce.', '2025-04-29'),
(24, '86', 'Acri animo et corpore voluptatibus nullo dolore nec impediente nec inpendente, quem tandem hoc.', '2024-07-23'),
(25, '18', 'Minus animus a se repellere, idque facere nondum depravatum ipsa.', '2024-09-21'),
(26, '57', 'Est, ea putant usque ad senectutem esse discenda. Quae cum tota res (est) ficta pueriliter, tum ne efficit quidem, quod vult. Nam et complectitur.', '2025-03-16'),
(27, '91', 'Triari, nullo pacto potest, ut propemodum iustioribus utamur illis, qui omnino.', '2025-04-01'),
(28, '87', 'Occulte fecerit, numquam tamen id volunt.', '2024-09-11'),
(29, '89', 'Democriti errata ab Epicuro scriptum est et ab Epicuro sapiens semper beatus inducitur: finitas habet cupiditates, neglegit mortem, de diis inmortalibus sine ullo metu vera sentit, non dubitat.', '2025-02-28'),
(30, '23', 'Sequamur monet. Nec enim satis est iudicare.', '2024-10-29'),
(31, '100', 'Eo et gravissimas res consilio ipsius et ratione administrari neque maiorem voluptatem.', '2024-05-10'),
(32, '10', 'Albuci, quam Romanum atque Sabinum, municipem Ponti, Tritani, centurionum, praeclarorum hominum ac primorum signiferumque, maluisti dici.', '2025-03-28'),
(33, '37', 'Cognitione et scientia tollitur omnis ratio et vitae degendae et rerum gerendarum. Sic e.', '2024-07-11'),
(34, '50', 'Id quidem, inquam, arbitratu. Sic faciam igitur, inquit: unam rem explicabo, eamque.', '2024-05-31'),
(35, '65', 'Leniat. Temperantia est enim, quod tibi parum videtur eruditus, ea causa est, quod nullam eruditionem esse duxit, nisi quae beatae vitae disciplinam iuvaret. An ille tempus aut in dolore, sed.', '2024-08-14'),
(36, '19', 'Nulla pariatur? At vero eos et accusamus et iusto odio dignissimos ducimus, qui blanditiis praesentium voluptatum deleniti atque corrupti, quos dolores et quas molestias excepturi sint.', '2025-03-11'),
(37, '51', 'Sed in his rebus instructus semper est in quo nihil posset fieri minus; ita effici complexiones et copulationes et adhaesiones atomorum inter se, ex quo intellegitur nec timiditatem ignaviamque vituperari nec fortitudinem patientiamque laudari suo nomine, sed illas reici, quia dolorem pariant, has optari, quia voluptatem. Iustitia restat, ut de utilitatibus, nihil.', '2024-08-02'),
(38, '15', 'Eae se foris solum iactant nec tantum in alios caeco impetu incurrunt, sed intus etiam in animis nostris inesse notionem, ut alterum esse appetendum, alterum aspernandum sentiamus. Alii autem, quibus ego assentior, dum modo de isdem rebus ne Graecos quidem.', '2024-08-16'),
(39, '98', 'Dirigentur, numquam ullius oratione victi sententia desistemus. Nisi autem rerum natura duo quaerenda sint, unum, quae materia sit, ex qua quaeque res efficiatur, alterum, quae vis sit, quae quidque efficiat, de materia.', '2024-05-14'),
(40, '99', 'Aliquam quaerat voluptatem. Ut enim ad minima veniam, quis nostrum exercitationem ullam.', '2025-01-30'),
(41, '58', 'Quam utramque Menandri legam? A quibus tantum dissentio, ut, cum Sophocles vel optime scripserit Electram, tamen male conversam Atilii mihi legendam putem, de quo quaerimus, non quo modo.', '2024-07-20'),
(42, '7', 'Instructus semper est in voluptate. Neque enim tempus est ullum, quo non plus habeat sapiens, quod gaudeat, quam quod angatur. Optime vero Epicurus, quod exiguam dixit fortunam intervenire.', '2025-03-23'),
(43, '85', 'Commodo consequat. Duis aute irure dolor in reprehenderit in voluptate.', '2024-08-07'),
(44, '17', 'Suavitate afflueret et illaberetur, nec manus esse contenta posset nec ulla pars vacuitate doloris sine iucundo motu voluptatis. Sin autem summa voluptas est, ut.', '2024-09-18'),
(45, '8', 'Ex infinito tempore aetatis percipi posse, quam ex hoc facillime perspici potest: Constituamus aliquem magnis, multis, perpetuis fruentem et animo et corpore voluptatibus nullo dolore nec impediente nec inpendente, quem tandem hoc statu.', '2024-12-02'),
(46, '39', 'O praeclaram beate vivendi et apertam et simplicem et directam viam! Cum enim certe nihil homini possit melius esse quam.', '2025-03-29'),
(47, '28', 'Id meo arbitratu facerem, ante hoc tempus numquam est esse expetendam et insipientiam propter molestias esse fugiendam? Eademque ratione ne temperantiam quidem propter se ipsos diligant. Quod et scripta multa sunt, sic inprobitas si cuius in animo versatur, numquam sinit.', '2025-04-25'),
(48, '95', 'Menandri legam? A quibus tantum dissentio, ut, cum Sophocles vel optime scripserit Electram, tamen male conversam Atilii mihi legendam putem, de quo Lucilius: ''ferreum.', '2024-10-08'),
(49, '59', 'Valetudinis causa probamus, et gubernatoris ars, quia bene navigandi rationem habet, utilitate, non arte laudatur, sic sapientia, quae ars vivendi putanda est, non expeteretur, si nihil tale metuamus.', '2024-08-10'),
(50, '48', 'Individua et solida corpora ferri deorsum suo pondere ad.', '2024-05-16'),
(51, '38', 'Nisi derigatur ad voluptatem, voluptas autem est sola, quae nos vocet ad se et alliciat suapte natura, non potest esse dubium, quin id sit summum atque extremum bonorum omnium, beateque vivere nihil aliud sit nisi cum voluptate vivere. Nec.', '2025-04-12'),
(52, '73', 'Ille bene noris. Nisi mihi Phaedrum, inquam, tu mentitum aut Zenonem putas, quorum utrumque audivi, cum mihi nihil sane praeter sedulitatem probarent, omnes mihi.', '2024-07-01'),
(53, '22', 'Una virtute ponunt et splendore nominis capti quid natura postulet non intellegunt, errore maximo, si Epicurum audire voluerint, liberabuntur: istae.', '2024-06-26'),
(54, '79', 'Contra vestra convicia, sed tamen satis acuti, qui verentur ne, si amicitiam propter nostram voluptatem expetendam putemus, tota amicitia quasi claudicare videatur.', '2024-10-03'),
(55, '61', 'Vita nulla est intercapedo molestiae. Igitur neque stultorum quisquam beatus neque sapientium non beatus. Multoque hoc melius nos veriusque quam.', '2024-11-14'),
(56, '43', 'Civium non inutile, nosque ea scripta reliquaque eiusdem generis et.', '2025-03-07'),
(57, '30', 'Ex aeterno tempore intellegi convenire. Epicurus autem, in quibus sequitur Democritum, non fere labitur. Quamquam utriusque cum multa non probo, tum illud in primis, quod, cum in rerum.', '2024-11-12'),
(58, '12', 'Facilius fieri poterit et iustius? Sunt autem, qui dicant.', '2025-04-25'),
(59, '94', 'Graece ergo praetor Athenis, id quod maluisti, te, cum ad.', '2024-10-01'),
(60, '20', 'Quam nati, et ad eos cum suavitate afflueret et.', '2025-01-29'),
(61, '45', 'Occultum. Plerumque improborum facta primo suspicio insequitur, dein sermo atque fama, tum accusator, tum iudex.', '2024-07-18'),
(62, '62', 'Id neque feci adhuc nec mihi tamen, ne faciam, interdictum puto. Locos quidem quosdam, si videbitur, transferam, et maxime ab iis, quos ego posse iudicare arbitrarer, plura suscepi.', '2024-10-07'),
(63, '13', 'Sensum moveat, nulla successerit, eoque intellegi potest quanta voluptas sit non dolere. Sed ut.', '2024-10-19'),
(64, '34', 'Hoc Epicurus in voluptate esse aut in.', '2025-03-18'),
(65, '2', 'Ob ea solum incommoda, quae eveniunt inprobis, fugiendam inprobitatem putamus, sed multo etiam magis, quod, cuius in animo.', '2024-05-13'),
(66, '74', 'Quae vitam omnem perturbari videmus errore et inscientia, sapientiamque esse solam, quae nos a.', '2025-01-03'),
(67, '77', 'Mi Albucius, hinc inimicus. Sed iure Mucius. Ego.', '2024-11-27'),
(68, '88', 'Ut vulgo putarent, sed locupletiorem etiam esse quam Graecam. Quando enim nobis, vel dicam aut oratoribus bonis aut poetis, postea quidem quam fuit quem imitarentur, ullus orationis vel copiosae vel elegantis ornatus defuit? Ego vero, quoniam.', '2025-01-09'),
(69, '44', 'Nullas enim consequuntur voluptates, quarum potiendi spe inflammati multos labores magnosque susceperant. Ecce autem.', '2025-01-07'),
(70, '31', 'Ea scientia et verborum vis et natura orationis et consequentium repugnantiumve ratio potest perspici. Omnium autem rerum natura.', '2024-08-28'),
(71, '82', 'Concursionibus inter se cohaerescant, ex quo efficeretur mundus omnesque partes mundi, quaeque in eo essent. Quae cum dixissem, magis ut illum provocarem quam ut ipse loquerer, tum Triarius leniter arridens.', '2024-10-23'),
(72, '21', 'Incorrupte atque integre iudicante. Itaque negat opus esse ratione neque disputatione, quam ob rem dissentientium inter.', '2025-03-03'),
(73, '71', 'At id ne ferae quidem faciunt, ut ita ruant itaque turbent, ut earum motus et impetus quo pertineant non intellegamus, tu tam egregios viros censes tantas res gessisse sine causa? Quae fuerit causa, mox videro; interea hoc tenebo, si ob aliquam causam.', '2024-07-31'),
(74, '56', 'Id autem res referuntur omnes, fatendum est summum esse bonum iucunde vivere. Id qui in una virtute ponunt et splendore nominis capti quid natura desideret. Tum vero, si stabilem scientiam rerum tenebimus, servata illa, quae quasi saxum Tantalo semper impendet, tum superstitio.', '2024-11-13'),
(75, '92', 'Facilis est et ad corpus nihil referatur, ista sua sponte et per se esse fugiendum. Itaque aiunt hanc quasi naturalem atque insitam in animis.', '2024-06-02'),
(76, '5', 'In morbos gravis, tum in damna, tum in morbos gravis, tum in dedecora incurrunt, saepe etiam legum iudiciorumque poenis obligantur. Qui autem alia malunt scribi a nobis, aequi esse debent, quod et acutum genus est et expedita distinctio. Nam libero tempore, cum.', '2025-03-02'),
(77, '11', 'Praesens et quod adest sentire possumus.', '2024-06-23'),
(78, '41', 'Rectas res atque laudabilis eo referri, ut cum voluptate vivere. Huic certae stabilique sententiae quae sint quaeque cernantur, omnia, eumque motum atomorum nullo a principio, sed ex aeterno tempore intellegi convenire. Epicurus autem, in quibus nulla.', '2025-03-06'),
(79, '49', 'Quaerendi ac disserendi, quae logikh dicitur, iste vester plane, ut mihi videtur, expediunt. Ut enim ad sapientiam perveniri potest, non paranda nobis solum ea, sed fruenda etiam sapientia est; sive hoc difficile est, tamen nec modus ullus nec finis inveniri potest. Quodsi vitam omnem perturbari videmus errore et inscientia, sapientiamque esse solam.', '2024-07-07'),
(80, '76', 'Sint neque sint conversa de Graecis? Nam si concederetur, etiamsi ad corpus referri.', '2025-03-31'),
(81, '69', 'Noster Lucilius, recusabo, quo minus omnes mea legant. Utinam esset ille Persius, Scipio vero.', '2025-03-13'),
(82, '80', 'Recusabo, quo minus animus a se ipse dissidens secumque discordans gustare partem ullam liquidae voluptatis et liberae potest. Atqui pugnantibus.', '2024-10-06'),
(83, '93', 'Fieri minus; ita effici complexiones et copulationes et adhaesiones atomorum inter se, ex quo efficeretur mundus omnesque partes mundi, quaeque in eo filio adhibuit.', '2024-11-05'),
(84, '60', 'Nullo modo probantur, tamen Democritum laudatum a ceteris ab hoc, qui eum unum secutus esset, nollem vituperatum. Iam in altera philosophiae parte. Quae est quaerendi ac disserendi, quae.', '2025-02-22'),
(85, '52', 'Modo quae dicat ille bene noris. Nisi mihi Phaedrum, inquam, tu mentitum aut Zenonem putas, quorum utrumque audivi, cum miraretur ille quidem utrumque, Phaedrum autem etiam amatoriis levitatibus dediti, alii.', '2024-07-10'),
(86, '75', 'Sempiternum aut diuturnum timeret malum, quae perspexit in hoc ipso vitae spatio amicitiae praesidium esse firmissimum.'' Sunt autem quidam e nostris, qui haec subtilius velint tradere et negent satis esse, quid bonum sit aut quid malum, sensu iudicari, sed animo etiam ac ratione intellegi posse et voluptatem pleniorem efficit. Itaque non ob.', '2025-01-02'),
(87, '97', 'Est, omnis dolor repellendus. Temporibus autem quibusdam et aut officiis debitis aut rerum necessitatibus saepe eveniet, ut et voluptates repudiandae sint et molestiae non recusandae. Itaque earum rerum hic tenetur a sapiente delectus, ut aut voluptates omittantur maiorum voluptatum adipiscendarum causa aut dolores suscipiantur maiorum dolorum effugiendorum gratia. Sed de clarorum hominum.', '2024-09-02'),
(88, '70', 'Horreat nec praeteritas voluptates effluere patiatur earumque assidua recordatione laetetur, quid est, quod huc possit, quod conetur, nec optinere, si effecerit, et opes vel fortunae vel ingenii liberalitati magis conveniunt, qua qui utuntur, benivolentiam sibi conciliant et, quod aptissimum.', '2025-01-03'),
(89, '25', 'Non satis politus iis artibus, quas qui tenent, eruditi appellantur -- aut ne deterruisset alios a studiis. Quamquam te quidem video esse a nostris de amicitia disputatum. Alii cum eas voluptates, quae ad.', '2024-08-30'),
(90, '72', 'Non placebit Latine? Quid? Si nos non interpretum fungimur munere, sed tuemur ea, quae hoc non minus declarant, sed videntur leviora, veniamus. Quid tibi, Torquate, quid huic Triario litterae, quid.', '2025-01-10'),
(91, '14', 'Est usus Epicurus? Qui unum genus posuit earum cupiditatum, quae essent et naturales et necessariae, alterum, quae vis sit, quae quidque efficiat, de materia disseruerunt, vim et causam efficiendi reliquerunt. Sed hoc.', '2025-01-22'),
(92, '64', 'Mundi, qui et oriantur et intereant cotidie. Quae etsi mihi.', '2024-05-25'),
(93, '42', 'Non talem videri fuisse in imperio, quales eius maiores fuissent, et in conspectum suum venire vetuit, numquid tibi videtur de voluptatibus suis.', '2024-05-28'),
(94, '68', 'Eaque ipsa, quae tibi probarentur; si qua in iis corrigere voluit, deteriora fecit. Disserendi artem nullam habuit. Voluptatem cum summum bonum esse vult, summumque malum dolorem, idque instituit docere sic: Omne animal, simul atque natum sit, voluptatem appetere eaque gaudere ut summo bono, dolorem aspernari ut summum malum et, quantum possit, a.', '2024-10-21'),
(95, '46', 'Facile efficere possit, quod melius sit, accedere? Statue contra aliquem confectum tantis animi corporisque.', '2024-08-18'),
(96, '66', 'Provincias atomis dare, quae recte, quae oblique ferantur, deinde eadem illa constituto veri a falso distinctio traditur. Restat locus huic disputationi vel maxime necessarius de amicitia, quam, si voluptas esset bonum, desideraret.', '2024-11-07'),
(97, '35', 'Bello animadversionis metu contineret, saluti prospexit civium, qua intellegebat contineri suam. Atque haec ratio late patet. In quo enim maxime.', '2024-05-07'),
(98, '26', 'Suscipiantur maiorum dolorum effugiendorum gratia. Sed de clarorum hominum factis illustribus et gloriosis satis.', '2025-02-09'),
(99, '90', 'Comprehenderit, ut omnes bene sanos ad iustitiam, aequitatem, fidem, neque homini infanti aut inpotenti iniuste facta conducunt, qui nec facile efficere possit, quod conetur, nec optinere, si.', '2025-04-15'),
(100, '29', 'Qua de re cum sit inter doctissimos summa dissensio, quis alienum.', '2024-12-22');


-- fabricate-flush


INSERT INTO `TB_PlanodeAnuncio` (`id_plano`, `nome`, `preco`, `duracao_dias`) VALUES
(1, 'Quarum ea ratio est, ut meminerit.', '1218.68', '83'),
(2, 'Ne in nemore . . .'' nihilo minus legimus quam hoc ', '1201.97', '15'),
(3, 'Incurrunt, numquam vim tantam habent, ut non dicas', '933.82', '292'),
(4, 'Primo inter nos de litteris.', '1071.24', '185'),
(5, 'Si dicent ab illis has res esse tractatas, ne ipso', '1197.62', '216'),
(6, 'Fuisse desideraturam. Idcirco enim non desideraret', '1162.00', '332'),
(7, 'Veniat in medium Epicuri ratio, quae plerisque not', '973.32', '93'),
(8, 'Sit iudicatum. Plerique autem, quod tenere atque s', '1104.57', '143'),
(9, 'Spe pariendarum voluptatum seiungi non potest. Atq', '1069.55', '234'),
(10, 'Attingere itaque ** attulit rem commenticiam: decl', '1023.04', '313'),
(11, 'Id, quo gaudemus, voluptas est, ut meminerit maxim', '1168.38', '165'),
(12, 'Ex omnibus iudicari potest non modo singulos homin', '979.84', '81'),
(13, 'Notissima est. Quam a nobis sic intelleges eitam, ', '1097.22', '87'),
(14, 'Porro animo cernimus, id omne oritur a sensibus; q', '1090.90', '227'),
(15, 'Nec opera multa nec impensa expleantur; ne natural', '951.44', '70'),
(16, 'Quidem, quod vult. Nam et ipsa declinatio ad libid', '1046.76', '26'),
(17, 'Ipse doctrinis fuisset instructior -- est enim, qu', '1001.03', '282'),
(18, 'Scriptum est et ab Epicuro scriptum est et expedit', '796.02', '191'),
(19, 'Quasi architecto beatae vitae deduceret? Qui quod ', '838.64', '91'),
(20, 'Hominibus dici non necesse est. Tribus igitur modi', '838.76', '238'),
(21, 'Aut fastidii delicatissimi. Mihi quidem depravare ', '1094.27', '89'),
(22, 'Noster labor in varias reprehensiones incurreret.', '918.11', '338'),
(23, 'Praeterea est res ulla, quae sua natura aut sollic', '992.27', '8'),
(24, 'Te quidem video minime esse deterritum. Quae cum d', '793.02', '198'),
(25, 'Antiopam Pacuvii spernat aut reiciat, quod se isde', '946.29', '26'),
(26, 'Sit, accedere? Statue contra aliquem confectum tan', '842.18', '245'),
(27, '-- Torquem detraxit hosti. -- Et quidem se texit, ', '839.16', '148'),
(28, 'Quia voluptatem. Iustitia restat, ut de omni virtu', '829.40', '250'),
(29, 'Inciderit, ut id apte fieri possit.', '1096.47', '133'),
(30, 'Fere faciunt, qui ab eo dissentiunt, sed certe non', '1108.89', '350'),
(31, 'Interrogari. Ut placet, inquam. Tum dicere exorsus', '1154.12', '167'),
(32, 'Vitae status perturbatur, et ut succumbere dolorib', '1105.72', '156'),
(33, 'Angore et metu maximeque cruciantur, cum sero sent', '807.95', '339'),
(34, 'Quamquam te quidem video minime esse.', '878.71', '206'),
(35, 'Vivi potest omnium cupiditatum ardore restincto. C', '843.09', '230'),
(36, 'Et falsi putat. Confirmat autem illud vel maxime, ', '1096.60', '318'),
(37, 'Videro; interea hoc tenebo, si ob aliquam causam i', '921.29', '102'),
(38, 'Laetitia, si bona. O praeclaram beate vivendi et a', '1240.36', '309'),
(39, 'Hoc loco dictum sit. Erit enim iam de omnium virtu', '792.51', '335'),
(40, 'Nos causae confidere, sed et argumentandum et accu', '1003.55', '114'),
(41, 'Interdictum puto. Locos quidem quosdam, si videbit', '1164.06', '164'),
(42, 'Probarentur; si qua in iis rebus emolumenti, quae ', '931.66', '179'),
(43, 'Quondam a L. Torquato, homine omni doctrina erudit', '1221.82', '178'),
(44, 'Vitae molestias accessio potest fieri, quanta ad a', '1098.77', '26'),
(45, 'Autem quem timeam lectorem, cum ad me in Cumanum s', '1065.13', '6'),
(46, 'Rem voluptas expetenda, fugiendus dolor sit. Senti', '1212.49', '144'),
(47, 'Quaeritur, sit pulcherrimum. Etenim si delectamur,', '1091.51', '355'),
(48, 'Vel optime scripserit Electram, tamen male convers', '953.54', '83'),
(49, 'Tantum in alios caeco impetu.', '1029.84', '38'),
(50, 'Sed similia fere dici possunt. Ut.', '1175.00', '355'),
(51, 'Posse reperiri. Quapropter si ea, quae.', '1191.60', '290'),
(52, 'Si suas habent, illas non magnopere desiderent. Qu', '763.80', '154'),
(53, 'Qui in ea voluptate velit esse cillum dolore eu fu', '801.54', '264'),
(54, 'Praesertim cum omnino nulla sit utilitas ex amicit', '1240.93', '101'),
(55, 'In imperio, quales eius maiores fuissent, et in co', '1118.02', '360'),
(56, 'Integris testibus, si infantes pueri, mutae etiam ', '1030.76', '69'),
(57, 'Ad melius vivendum nec ad melius vivendum nec ad m', '764.08', '197'),
(58, 'Et ut succumbere doloribus eosque humili animo inb', '989.51', '166'),
(59, 'Greges! Quod fit etiam nunc ab Epicureis. Sed ad r', '1026.70', '173'),
(60, 'Ad bene beateque vivendum. Sed existimo te, sicut ', '1214.36', '108'),
(61, 'Eo non arbitrantur. Erunt etiam, et ii quidem erud', '1120.39', '359'),
(62, 'Possimus dicere? Inesse enim necesse est effici, u', '816.12', '276'),
(63, 'Cognitionem divina illa ingenia transferrem. Sed i', '845.20', '150'),
(64, 'Fuisse. -- Torquem detraxit hosti. -- Et quidem se', '880.96', '195'),
(65, 'Ut et adversa quasi perpetua oblivione obruamus et', '1092.36', '165'),
(66, 'Cadere causa, si qui incurrunt, numquam vim tantam', '753.75', '132'),
(67, 'Obligantur. Qui autem ita frui volunt voluptatibus', '788.71', '120'),
(68, 'Ignaviamque vituperari nec fortitudinem patientiam', '1238.97', '190'),
(69, 'Docui, cognitionis regula et iudicio ab eadem illa', '1008.29', '222'),
(70, 'Sapiens semper beatus inducitur: finitas habet cup', '840.81', '149'),
(71, 'Sapiens, quod gaudeat, quam quod angatur. Optime v', '1145.40', '179'),
(72, 'Semel admissum coerceri reprimique non potest, ut ', '853.04', '358'),
(73, 'Cum omni dolore careret, non modo non inopem, ut v', '1161.02', '134'),
(74, 'Contentam. Sed possunt haec quadam ratione dici no', '1249.62', '118'),
(75, 'Quisquam eorum, qui aut saperet aliquid aut ista d', '1090.61', '319'),
(76, 'D. Silano emancipaverat, ut eum Macedonum legatis ', '1029.75', '236'),
(77, 'Duo quaerenda sint, unum, quae materia sit, ex qua', '1237.63', '67'),
(78, 'In infinito inani, in quo etiam Democritus haeret,', '1005.75', '50'),
(79, 'Exercendi aut venandi consuetudine adamare solemus', '1060.95', '280'),
(80, 'Faciunt, ut ita ruant itaque turbent, ut.', '939.04', '274'),
(81, 'Est omnis rectas res atque laudabilis eo referri, ', '1241.27', '65'),
(82, 'Et gravissimas res consilio ipsius et ratione admi', '826.25', '143'),
(83, 'Incorruptis atque integris testibus, si infantes p', '930.32', '12'),
(84, 'Concordia quadam placet ac leniat. Temperantia est', '888.79', '364'),
(85, 'Vester plane, ut mihi quidem depravare videatur. I', '897.11', '142'),
(86, 'De amicitia, quam, si voluptas summum sit.', '1203.89', '50'),
(87, 'Seditione beata esse potest nec in discordia domin', '1081.25', '266'),
(88, 'Potest, si aliquod aeternum et infinitum impendere', '922.54', '107'),
(89, 'Est sola, quae nos a libidinum impetu et a spe par', '1095.25', '78'),
(90, 'Fruuntur, futura modo expectant, quae.', '1053.65', '325'),
(91, 'Fungimur munere, sed tuemur ea, quae dices, libent', '887.84', '189'),
(92, 'Sane praeter sedulitatem probarent, omnes mihi Epi', '753.92', '4'),
(93, 'Non solum praesentibus fruuntur, sed etiam spe eri', '925.48', '292'),
(94, 'Epicurus neque Metrodorus aut quisquam eorum, qui ', '914.17', '1'),
(95, 'Quam quod angatur. Optime vero Epicurus, quod exig', '1233.84', '271'),
(96, 'Quae suavitate aliqua naturam ipsam movet et cum i', '863.43', '157'),
(97, 'Disciplinam iuvaret. An ille tempus aut in liberos', '864.08', '312'),
(98, 'Esse deterritum. Quae cum tota res (est) ficta pue', '1220.51', '110'),
(99, 'Pedalis fortasse; tantum enim esse omnino in nostr', '993.15', '177'),
(100, 'Aetatis percipi posse, quam ex hoc facillime persp', '909.98', '187');


-- fabricate-flush


INSERT INTO `TB_regiao` (`id_regiao`, `nome`) VALUES
(1, 'Quaeso, interpretaris? Sicine eos censes aut in poetis evolvendis, ut ego et Triarius te hortatore f'),
(2, 'Comparat, magna afficitur voluptate. Dolores autem si qui e.'),
(3, 'Perdiderunt, sic robustus animus et excelsus omni est liber cura et angore, cum et mortem contemnit,'),
(4, 'Non modo numquam nocet cuiquam, sed contra semper afficit cum vi sua atque natura, quod tranquillat '),
(5, 'Ipse dissidens secumque discordans gustare partem ullam liquidae voluptatis et liberae potest. Atqui'),
(6, 'Verbum e Graecis expressas non inviti legant. Quis enim tam inimicus paene.'),
(7, 'Zenonem putas, quorum utrumque audivi, cum miraretur ille quidem utrumque, Phaedrum autem etiam amar'),
(8, 'Dolore suo sanciret militaris imperii disciplinam exercitumque in gravissimo bello animadversionis m'),
(9, 'Me accedis, saluto: ''chaere,'' inquam, ''Tite!'' lictores.'),
(10, 'Deserunt mollit anim id est propter voluptatem et dolorem. Ad haec et quae vel aliter pararetur et q'),
(11, 'Neque vero ipsam amicitiam tueri, nisi aeque amicos et nosmet ipsos diligamus, idcirco et hoc ipsum '),
(12, 'Omnium rerum occultarum ignoratione sublata et moderatio natura cupiditatum generibusque earum expli'),
(13, 'Contra metum religionis et sedatio animi omnium rerum.'),
(14, 'Posse a voluptate discedere. Nam cum solitudo et vita sine amicis insidiarum et metus plena sit, rat'),
(15, 'Litteris uti velint vel, si suas habent, illas non magnopere desiderent. Qui autem ita frui volunt v'),
(16, 'Ulla iniuria, quae autem tanta ex improbis factis ad minuendas vitae.'),
(17, 'De voluptate et dolore magnam aliquam quaerat voluptatem. Ut enim virtutes, de quibus et ab antiquis'),
(18, 'Hoc ita defendit Epicurus neque Metrodorus aut quisquam eorum, qui aut saperet aliquid aut ista didi'),
(19, 'Quidem depravare videatur. Ille atomos quas appellat, id est voluptatem.'),
(20, 'Non dolere. Sed ut omittam pericula, labores, dolorem etiam, quem optimus quisque pro patria et pro '),
(21, 'Sed expectat illa, fruitur praesentibus ab iisque M. Brutus dissentiet -- quod et posse fieri intell'),
(22, 'Causa? Quae fuerit causa, mox videro; interea hoc tenebo, si ob aliquam causam ista, quae sine dubio'),
(23, 'Appareat, doctrina mediocris. Ego autem quem timeam lectorem, cum ad me accedis, saluto: ''chaere,'' i'),
(24, 'Tamen permagna accessio potest, si aliquod aeternum et infinitum.'),
(25, 'Amputata circumcisaque inanitate omni et errore naturae finibus contentus sine aegritudine possit et'),
(26, 'Si amicitiam propter nostram voluptatem expetendam putemus, tota amicitia quasi claudicare videatur.'),
(27, 'Graeci leguntur a Graecis isdem de rebus alia ratione compositis, quid.'),
(28, 'Malo quam interrogare aut interrogari. Ut placet, inquam. Tum dicere exorsus est. Primum igitur, inq'),
(29, 'Occultarum ignoratione sublata et moderatio natura cupiditatum generibusque earum explicatis, et, ut'),
(30, 'Ante collegi, abest plurimum et, cum stultorum vitam cum sua comparat, magna afficitur voluptate. Do'),
(31, 'Sic in omni re doloris amotio successionem efficit voluptatis. Itaque non placuit Epicuro medium ess'),
(32, 'Aliquid, praeter voluptatem et dolorem? Sunt autem quidam Epicurei timidiores paulo contra vestra co'),
(33, 'Ad Orestem pervenias profectus a Theseo. At vero Epicurus una in domo, et ea quidem angusta, quam ma'),
(34, 'Et operosam et perinde fructuosam relinqueret? Non ergo.'),
(35, 'In primisque familiarem nostrum Posidonium. Quid? Theophrastus mediocriterne delectat, cum tractat l'),
(36, 'Sint et molestiae non recusandae. Itaque earum rerum defuturum, quas natura non depravata desiderat.'),
(37, 'Democriti, atomi, inane, imagines, quae eidola nominant, quorum incursione non solum videamus, sed e'),
(38, 'Quod exiguam dixit fortunam intervenire sapienti maximasque ab eo nos abducat? Sin laboramus, quis e'),
(39, 'Quantum potuimus, non modo non repugnantibus, verum etiam approbantibus nobis. Sic enim ab Epicuro s'),
(40, 'Sententia de voluptate, nihil scilicet novi, ea tamen, quae te ipsum probaturum esse confidam. Certe'),
(41, 'Sed potius inflammat, ut coercendi magis quam dedocendi esse videantur. Invitat igitur vera ratio be'),
(42, 'Munere vitae optimum et verissimum sit, exquirere? An, partus ancillae.'),
(43, 'Intemperantiam propter se expetendam esse dicemus, sed quia maiores consequatur. Eadem fortitudinis '),
(44, 'Dicemus, sed quia iucunditatis vel plurimum afferat. Nam diligi et carum esse.'),
(45, 'Iam videtis, ne invidia verbi labefactetur oratio mea --. Nam cum solitudo et vita sine amicis insid'),
(46, 'Laboris nisi ut aliquid ex ea commodo consequat. Duis aute irure dolor in longinquitate levis, in gr'),
(47, 'Plane Graecum dici velit, ut a Scaevola est praetore salutatus Athenis Albucius. Quem quidem locum c'),
(48, 'Ut, etiamsi nulla sit utilitas ex amicitia, tamen ipsi amici propter se esse fugiendum. Itaque aiunt'),
(49, 'De quo quaerimus, non quo ignorare vos arbitrer, sed ut ratione et via procedat oratio. Quaerimus ig'),
(50, 'Alios caeco impetu incurrunt, sed intus etiam in animis nostris inesse notionem, ut alterum esse app'),
(51, 'Isdem rebus ne Graecos quidem legendos putent. Res vero bonas verbis electis graviter ornateque dict'),
(52, 'Legantur? Quamquam, si plane sic verterem Platonem aut Aristotelem, ut verterunt nostri poetae fabul'),
(53, 'Tam multos legant, quam legendi sunt. Quid enim est a Chrysippo praetermissum in Stoicis? Legimus ta'),
(54, 'Nec inpendente, quem tandem hoc statu praestabiliorem aut magis expetendum possimus dicere? Inesse e'),
(55, 'Maxime hoc placeat, moderatius tamen id volunt fieri, difficilem quandam temperantiam postulant in e'),
(56, 'Praeterea sublata cognitione et scientia tollitur omnis ratio et vitae degendae et rerum gerendarum.'),
(57, 'Ipsarum quidem virtutum laus, in qua maxime ceterorum philosophorum exultat oratio, reperire exitum '),
(58, 'Contrariis studiis consiliisque semper utens nihil quieti videre, nihil tranquilli potest. Quodsi co'),
(59, 'Eos, quos nominavi, cum Attico nostro frequenter audivi, cum mihi nihil.'),
(60, 'Quae sint, ea facere ipsa per se ipsam optabilem, sed quia non numquam eius modi esse.'),
(61, 'Multa habere intervalla requietis, mediocrium nos esse dominos, ut, si tolerabiles sint, feramus, si'),
(62, 'Moderatio natura cupiditatum generibusque earum explicatis, et, ut dixi, ad lineam.'),
(63, 'Dolere, primum tibi recte, Chrysippe, concessum est nihil desiderare manum, cum ita sit, perspicuum '),
(64, 'In physicis nec ea ipsa, quae laudatur, industria, ne fortitudo quidem, sed ista sequimur.'),
(65, 'Sit tam insolens domesticarum rerum fastidium. Non est omnino hic docendi locus; sed ita sentio.'),
(66, 'Tamen Diogenem, Antipatrum, Mnesarchum, Panaetium, multos alios in primisque familiarem nostrum Posi'),
(67, 'Reprehensa et correcta permulta. Nunc dicam de voluptate, a.'),
(68, 'Malum nobis opinemur. Quod idem licet transferre in voluptatem, ut postea variari voluptas distingui'),
(69, 'Plerumque improborum facta primo suspicio insequitur, dein sermo atque fama, tum accusator, tum iude'),
(70, 'Quam illum etiam ipsum dedocere. Sol Democrito magnus videtur, quippe homini.'),
(71, 'Nihil homine videatur indignius. Ad maiora enim quaedam nos natura genuit et conformavit, ut mihi qu'),
(72, 'Perpetua oblivione obruamus et secunda iucunde ac suaviter meminerimus. Sed cum ea, quae audiebamus,'),
(73, 'Civitas in seditione beata esse potest nec in discordia dominorum domus; quo minus animus a se repel'),
(74, 'Igitur, inquit, sic agam, ut ipsi auctori huius disciplinae placet: constituam, quid et quale sit id'),
(75, 'Atque integre iudicante. Itaque negat opus esse ratione neque disputatione, quam ob rem tandem, inqu'),
(76, 'Movere hominum studia viderer, retinere non posse. Qui autem, si maxime hoc placeat, moderatius tame'),
(77, 'Enim habet nostra mens quicquam, ubi consistat tamquam in extremo, omnesque et metus et.'),
(78, 'Ac leniat. Temperantia est enim, quae in rebus aut expetendis aut fugiendis ut rationem sequamur mon'),
(79, 'Recte, si voluptas esset bonum, fuisse desideraturam. Idcirco enim non desideraret, quia, quod dolor'),
(80, 'Reprehensione nec cum istis tantopere pugnare, qui Graeca legere malint, modo legant illa ipsa, ne s'),
(81, 'Amatoriis levitatibus dediti, alii petulantes.'),
(82, 'Modo dixi, constituto, ut aut voluptates omittantur.'),
(83, 'Ratio bene sanos in viam placatae, tranquillae, quietae, beatae vitae deduceret? Qui quod tibi ita v'),
(84, 'Voluptas distinguique possit, augeri amplificarique non possit. At etiam Athenis, ut e patre audieba'),
(85, 'Atque servare id, quod propositum est, summum bonum consequamur? Clamat Epicurus, is quem vos nimis '),
(86, 'Nec segniorem ad respondendum reddidisti.'),
(87, 'Extremum bonorum omnium, beateque vivere nihil aliud sit nisi cum voluptate conectitur. Nam et laeta'),
(88, 'Necesse est, quid aut ad bene beateque vivendo a Platone disputata sunt, haec explicari non placebit'),
(89, 'Ea scientia et verborum vis et natura orationis et consequentium repugnantiumve ratio potest perspic'),
(90, 'Maior sit, mediocritatem desiderent. Sive enim ad minim veniam, quis nostrud exercitation ullamco la'),
(91, 'Solido quam splendido nomine, virtutem autem nixam hoc honesto nullam requirere voluptatem atque ad '),
(92, 'Ante dictum est, sic amicitiam negant posse a voluptate aut a voluptate discedere. Nam cum ignoratio'),
(93, 'In quibus, quantum potuimus, non modo voluptatem esse, verum etiam approbantibus nobis. Sic enim ab '),
(94, 'Denique'' -- non enim illum ab industria, sed ab.'),
(95, 'Quibus non solum praesentibus fruuntur, sed etiam effectrices sunt voluptatum tam amicis.'),
(96, 'Caret, id in hominum consuetudine facilius fieri poterit.'),
(97, 'Quae quia certa esse non possunt, conficiuntur et angore et metu maximeque cruciantur, cum sero sent'),
(98, 'Industria, ne fortitudo quidem, sed ista sequimur.'),
(99, 'Esse omnium corporum motum. Deinde ibidem homo acutus, cum illud ocurreret, si omnia deorsus e regio'),
(100, 'Omnium virtutum cursu ad voluptatem proprius disserendi locus. Nunc autem explicabo, voluptas ipsa q');


-- fabricate-flush


INSERT INTO `TB_TipodeImovel` (`id_tipo`, `nome`) VALUES
(1, 'Studio'),
(2, 'Casa'),
(3, 'Loft'),
(4, 'Apartamento'),
(5, 'Triplex'),
(6, 'Terreno'),
(7, 'Sítio'),
(8, 'Galpão'),
(9, 'Fazenda'),
(10, 'Chácara'),
(11, 'Conjunto Comercial'),
(12, 'Sala Comercial'),
(13, 'Armazém'),
(14, 'Duplex'),
(15, 'Flat'),
(16, 'Loteamento'),
(17, 'Cobertura'),
(18, 'Casa de Condomínio'),
(19, 'Sobrado'),
(20, 'Kitnet'),
(21, 'Sítio'),
(22, 'Duplex'),
(23, 'Studio'),
(24, 'Terreno'),
(25, 'Conjunto Comercial'),
(26, 'Loft'),
(27, 'Loteamento'),
(28, 'Sobrado'),
(29, 'Sala Comercial'),
(30, 'Chácara'),
(31, 'Kitnet'),
(32, 'Fazenda'),
(33, 'Apartamento'),
(34, 'Galpão'),
(35, 'Casa de Condomínio'),
(36, 'Casa'),
(37, 'Cobertura'),
(38, 'Flat'),
(39, 'Armazém'),
(40, 'Triplex'),
(41, 'Kitnet'),
(42, 'Sítio'),
(43, 'Sala Comercial'),
(44, 'Galpão'),
(45, 'Flat'),
(46, 'Terreno'),
(47, 'Loteamento'),
(48, 'Armazém'),
(49, 'Cobertura'),
(50, 'Sobrado'),
(51, 'Triplex'),
(52, 'Casa'),
(53, 'Fazenda'),
(54, 'Casa de Condomínio'),
(55, 'Studio'),
(56, 'Loft'),
(57, 'Chácara'),
(58, 'Conjunto Comercial'),
(59, 'Duplex'),
(60, 'Apartamento'),
(61, 'Sobrado'),
(62, 'Studio'),
(63, 'Fazenda'),
(64, 'Sala Comercial'),
(65, 'Terreno'),
(66, 'Casa de Condomínio'),
(67, 'Cobertura'),
(68, 'Kitnet'),
(69, 'Conjunto Comercial'),
(70, 'Apartamento'),
(71, 'Triplex'),
(72, 'Casa'),
(73, 'Loft'),
(74, 'Armazém'),
(75, 'Sítio'),
(76, 'Duplex'),
(77, 'Chácara'),
(78, 'Galpão'),
(79, 'Flat'),
(80, 'Loteamento'),
(81, 'Sobrado'),
(82, 'Flat'),
(83, 'Fazenda'),
(84, 'Apartamento'),
(85, 'Chácara'),
(86, 'Studio'),
(87, 'Sítio'),
(88, 'Cobertura'),
(89, 'Casa de Condomínio'),
(90, 'Duplex'),
(91, 'Kitnet'),
(92, 'Terreno'),
(93, 'Loteamento'),
(94, 'Sala Comercial'),
(95, 'Casa'),
(96, 'Armazém'),
(97, 'Galpão'),
(98, 'Loft'),
(99, 'Triplex'),
(100, 'Conjunto Comercial');


-- fabricate-flush


INSERT INTO `TB_transacao` (`id_transacao`, `id_imovel`, `id_usuario_comprador`, `data`, `tipo`, `valor`) VALUES
(1, '62', '69', '2024-12-04', 'Compra', '172605.32'),
(2, '4', '90', '2025-01-12', 'Aluguel', '206490.59'),
(3, '91', '34', '2024-05-20', 'Compra', '182885.83'),
(4, '35', '45', '2025-04-26', 'Aluguel', '189556.28'),
(5, '10', '68', '2024-07-19', 'Compra', '228762.30'),
(6, '90', '53', '2025-04-28', 'Aluguel', '241391.34'),
(7, '58', '14', '2025-01-28', 'Compra', '194357.14'),
(8, '24', '49', '2025-01-23', 'Aluguel', '171622.94'),
(9, '94', '75', '2024-07-13', 'Aluguel', '174910.01'),
(10, '88', '88', '2024-05-17', 'Compra', '230603.70'),
(11, '13', '19', '2024-06-24', 'Compra', '181775.92'),
(12, '81', '62', '2024-10-04', 'Aluguel', '158615.63'),
(13, '48', '93', '2025-04-02', 'Compra', '206314.87'),
(14, '47', '83', '2024-11-16', 'Aluguel', '191411.32'),
(15, '80', '27', '2025-03-13', 'Aluguel', '203443.31'),
(16, '60', '58', '2025-03-23', 'Compra', '249474.94'),
(17, '18', '22', '2024-11-01', 'Compra', '151565.67'),
(18, '9', '6', '2025-02-18', 'Aluguel', '193547.92'),
(19, '97', '91', '2024-06-22', 'Compra', '210969.78'),
(20, '96', '25', '2025-01-05', 'Aluguel', '205823.48'),
(21, '70', '81', '2024-05-17', 'Aluguel', '177636.48'),
(22, '74', '96', '2025-03-23', 'Compra', '170154.62'),
(23, '36', '89', '2025-03-13', 'Compra', '236041.54'),
(24, '39', '55', '2024-06-01', 'Aluguel', '219751.87'),
(25, '61', '37', '2025-03-07', 'Compra', '203463.89'),
(26, '73', '30', '2024-12-15', 'Aluguel', '170464.40'),
(27, '37', '3', '2024-10-04', 'Compra', '241401.57'),
(28, '63', '48', '2024-09-06', 'Aluguel', '159791.93'),
(29, '7', '97', '2024-12-30', 'Compra', '162254.71'),
(30, '33', '100', '2024-11-01', 'Aluguel', '166860.47'),
(31, '8', '15', '2025-01-20', 'Compra', '181670.94'),
(32, '87', '29', '2024-11-04', 'Aluguel', '220450.05'),
(33, '83', '43', '2024-12-27', 'Aluguel', '150381.87'),
(34, '42', '50', '2025-01-30', 'Compra', '242375.56'),
(35, '32', '56', '2024-10-31', 'Aluguel', '237636.53'),
(36, '69', '41', '2024-11-30', 'Compra', '221831.79'),
(37, '50', '82', '2024-05-11', 'Compra', '223473.00'),
(38, '45', '39', '2024-08-03', 'Aluguel', '166337.64'),
(39, '64', '11', '2025-02-10', 'Compra', '172198.90'),
(40, '54', '18', '2024-06-25', 'Aluguel', '177356.00'),
(41, '34', '87', '2025-03-11', 'Compra', '241987.16'),
(42, '55', '16', '2025-03-12', 'Aluguel', '172080.22'),
(43, '57', '44', '2024-06-06', 'Aluguel', '156738.58'),
(44, '68', '20', '2024-12-19', 'Compra', '221265.67'),
(45, '99', '12', '2024-06-11', 'Compra', '220791.63'),
(46, '38', '92', '2024-12-04', 'Aluguel', '240895.18'),
(47, '98', '46', '2025-01-03', 'Compra', '218101.06'),
(48, '41', '60', '2024-08-02', 'Aluguel', '221719.63'),
(49, '67', '23', '2024-09-12', 'Compra', '185884.68'),
(50, '78', '72', '2024-06-02', 'Aluguel', '152144.81'),
(51, '11', '51', '2025-01-24', 'Compra', '180065.18'),
(52, '30', '13', '2024-05-23', 'Aluguel', '238812.46'),
(53, '72', '33', '2025-02-07', 'Aluguel', '202183.46'),
(54, '89', '84', '2024-05-11', 'Compra', '168626.04'),
(55, '19', '38', '2024-06-29', 'Aluguel', '208569.33'),
(56, '3', '71', '2025-03-25', 'Compra', '201326.93'),
(57, '49', '61', '2025-03-28', 'Compra', '166924.17'),
(58, '21', '42', '2024-10-06', 'Aluguel', '199449.41'),
(59, '17', '4', '2024-11-29', 'Compra', '158107.51'),
(60, '15', '28', '2024-08-04', 'Aluguel', '224846.98'),
(61, '56', '66', '2024-06-18', 'Compra', '202818.99'),
(62, '66', '80', '2024-08-11', 'Aluguel', '238800.34'),
(63, '12', '8', '2024-11-25', 'Compra', '160516.33'),
(64, '43', '67', '2024-12-16', 'Aluguel', '229811.11'),
(65, '85', '10', '2024-10-01', 'Compra', '210729.97'),
(66, '40', '79', '2024-05-11', 'Aluguel', '226709.70'),
(67, '95', '86', '2024-08-08', 'Aluguel', '197837.12'),
(68, '1', '85', '2024-05-23', 'Compra', '191771.75'),
(69, '2', '21', '2024-07-22', 'Compra', '179925.49'),
(70, '5', '24', '2024-08-01', 'Aluguel', '221477.92'),
(71, '26', '98', '2025-03-13', 'Aluguel', '212229.44'),
(72, '84', '64', '2025-01-29', 'Compra', '207557.61'),
(73, '59', '73', '2025-04-28', 'Aluguel', '244919.87'),
(74, '31', '94', '2025-01-01', 'Compra', '232452.66'),
(75, '29', '17', '2024-06-16', 'Aluguel', '163217.43'),
(76, '75', '40', '2024-08-19', 'Compra', '154406.99'),
(77, '100', '32', '2024-11-16', 'Aluguel', '172441.68'),
(78, '53', '47', '2024-06-13', 'Compra', '174723.40'),
(79, '14', '9', '2024-06-30', 'Aluguel', '187781.38'),
(80, '44', '26', '2025-03-21', 'Compra', '187607.12'),
(81, '23', '52', '2024-12-16', 'Compra', '230033.86'),
(82, '92', '36', '2024-05-04', 'Aluguel', '169409.13'),
(83, '27', '77', '2024-08-15', 'Compra', '188020.92'),
(84, '52', '1', '2025-02-12', 'Aluguel', '154695.76'),
(85, '51', '7', '2024-08-29', 'Compra', '234846.49'),
(86, '76', '31', '2025-01-15', 'Aluguel', '244014.84'),
(87, '86', '2', '2024-08-26', 'Compra', '204751.74'),
(88, '77', '74', '2024-05-21', 'Aluguel', '206264.76'),
(89, '28', '59', '2025-01-23', 'Compra', '214641.66'),
(90, '20', '54', '2024-09-28', 'Aluguel', '153452.91'),
(91, '71', '99', '2024-12-17', 'Compra', '160485.22'),
(92, '65', '95', '2024-09-17', 'Aluguel', '207978.79'),
(93, '22', '78', '2024-05-11', 'Aluguel', '233296.31'),
(94, '82', '5', '2024-12-08', 'Compra', '172236.15'),
(95, '25', '76', '2024-10-23', 'Compra', '203307.96'),
(96, '16', '57', '2024-06-22', 'Aluguel', '216103.24'),
(97, '46', '63', '2025-03-07', 'Compra', '170644.94'),
(98, '93', '35', '2024-07-25', 'Aluguel', '182114.58'),
(99, '79', '70', '2024-08-30', 'Aluguel', '241863.10'),
(100, '6', '65', '2024-12-02', 'Compra', '157053.35');


-- fabricate-flush


INSERT INTO `TB_USUARIO` (`id_usuario`, `nome`, `email`, `telefone`, `tipo`) VALUES
(1, 'Possent sine dolore tum in dedecora incurrunt, saepe etiam videmus, et perspicuum est nihil ad Epicu', 'De vita. His rebus peccant, cum e quibus haec efficiantur ignorant. Animi autem voluptates et dolore', 'Quiddam inter dolore', 'Vendedor'),
(2, 'Probamus, eisque nostrum iudicium et nostrum scribendi ordinem adiungimus, quid habent, cur Graeca a', 'Inutile, nosque ea scripta reliquaque eiusdem generis et legimus libenter et legemus --, haec, quae ', 'Videtur, vel paulo a', 'Comprador'),
(3, 'Videtur, inermis ac nudus est. Tollit definitiones, nihil de dividendo ac partiendo docet, non quo m', 'Id confidet fore semper occultum. Plerumque improborum facta primo suspicio insequitur, dein.', 'Sapientes bona praet', 'Locador'),
(4, 'Ne id ipsum quidem expedire possunt, quod disserunt. Praeterea sublata cognitione et scientia tollit', 'Voluptatem ex hoc facillime perspici potest: Constituamus aliquem magnis, multis, perpetuis fruentem', 'Latinas ad verbum e ', 'Corretor'),
(5, 'E regione inferiorem locum petentium sine causa dicere, -- et illum motum naturalem omnium ponderum,', 'Omne animal, simul atque natum sit, voluptatem appetere eaque gaudere ut summo bono, dolorem asperna', 'Vero molita quippiam', 'Comprador'),
(6, 'Est omnino hic docendi locus; sed ita sentio et saepe etiam videmus, et perspicuum est omnis rectas ', 'Iis quidem non admodum indoctis, totum hoc displicet philosophari. Quidam autem non tam solido quam ', 'Atque discordant, ex', 'Vendedor'),
(7, 'P. Scaevolam M''.que Manilium, ab iisque vitiis, quae paulo ante cum memoriter, tum etiam erga nos am', 'Et scientia tollitur omnis ratio et vitae degendae et rerum gerendarum. Sic e physicis et fortitudo ', 'In gravissimo bello ', 'Corretor'),
(8, 'Ab illo, recta et honesta.', 'Non quo ignorare vos arbitrer, sed ut ratione et via procedat oratio. Quaerimus igitur, quid sit ext', 'Sed ut ratione et vi', 'Locador'),
(9, 'Comparandae voluptatis -- Quam autem ego dicam voluptatem, iam videtis, ne invidia verbi labefactetu', 'Sit, sed stare etiam oportet in eo, quod semel admissum coerceri reprimique.', 'Recte nominata est v', 'Vendedor'),
(10, 'Factis illustribus et gloriosis satis hoc loco dictum sit. Erit.', 'Tractatos? Quid? Epicurei num desistunt de isdem, de quibus ante dictum est, sic amicitiam negant po', 'Ratione administrari', 'Corretor'),
(11, 'Is quidem, sicut alia; sed neque tam docti tum erant, ad quorum iudicium elaboraret, et sunt illius ', 'Commodis suis cogitarent? At id ne ferae quidem faciunt.', 'Meam, et eo quidem c', 'Locador'),
(12, 'Verear, ne ad eam non possim accommodare Torquatos nostros? Quos tu paulo ante cum memoriter, tum et', 'Hoc honesto nullam requirere voluptatem atque ad beate vivendum sapientia comparaverit, nihil esse m', 'Ipsas sollicitudines', 'Comprador'),
(13, 'Homines optimi non intellegunt totam rationem everti, si ita res se habeat. Nam si concederetur, eti', 'Quibus rebus intellegitur nec timiditatem ignaviamque vituperari nec fortitudinem patientiamque laud', 'Vel ingenii liberali', 'Locador'),
(14, 'Beateque vivendo a Platone disputata sunt, haec explicari non placebit Latine? Quid? Si nos non inte', 'Fugiendam? Eademque ratione ne temperantiam quidem.', 'Probatum sit, sublat', 'Vendedor'),
(15, 'Ipsa iniuria detrimenti est quam in iis rebus emolumenti, quae pariuntur iniuria. Itaque ne iustitia', 'Ante quam nati, et ad.', 'Diogenem, Antipatrum', 'Corretor'),
(16, 'Gravis, tum in damna, tum in dedecora incurrunt, saepe etiam legum iudiciorumque poenis.', 'Sicut alia; sed neque tam docti tum erant, ad quorum iudicium elaboraret, et sunt illius.', 'Animi autem morbi su', 'Comprador'),
(17, 'Intellegunt totam rationem everti, si ita.', 'In mente consedit, hoc ipso, quod adest, turbulenta est; si vero molita quippiam est, quamvis occult', 'Oratio me istius phi', 'Comprador'),
(18, 'Quod vult. Nam et ipsa declinatio ad libidinem fingitur -- ait enim declinare atomum sine causa; quo', 'Etiam in animis nostris inesse notionem, ut alterum esse appetendum, alterum aspernandum sentiamus. ', 'Tamen id volunt fier', 'Vendedor'),
(19, 'Intellegi convenire. Epicurus autem, in quibus sequitur Democritum, non fere labitur. Quamquam utriu', 'Ego autem quem timeam lectorem, cum ad me de virtute misisti. Sed ex.', 'Ut cum voluptate viv', 'Corretor'),
(20, 'Minim veniam, quis nostrud exercitation ullamco laboris nisi ut aliquid ex ea commodi consequatur? Q', 'Optimum et verissimum sit, exquirere? An, partus ancillae sitne in fructu habendus, disseretur inter', 'Certe, inquam, perti', 'Locador'),
(21, 'Mente consedit, hoc ipso, quod adest, turbulenta est; si vero molita quippiam est, quamvis occulte f', 'Rebus peccant, cum e quibus haec efficiantur ignorant. Animi autem morbi sunt cupiditates inmensae e', 'Tum accusator, tum i', 'Locador'),
(22, 'Levamur superstitione, liberamur mortis metu, non conturbamur.', 'Etiam voluptatum. Accedunt aegritudines, molestiae, maerores, qui exedunt animos conficiuntque curis', 'Quid aut ad naturam ', 'Comprador'),
(23, 'Aut magis expetendum possimus dicere? Inesse enim necesse est aut in dolore, sed in his rebus peccan', 'Meque ei responsum, cum C. Triarius, in primis gravis et doctus adolescens, ei disputationi interess', 'Reperiri posse, quod', 'Vendedor'),
(24, 'Disciplina, quam gravis, quam continens, quam severa sit. Non enim hanc solam sequimur, quae suavita', 'Quodsi vita doloribus referta maxime fugienda est, summum bonum consequamur? Clamat Epicurus, is que', 'Voluptas expetenda, ', 'Corretor'),
(25, 'Certe nihil homini possit melius esse quam Graecam. Quando enim nobis, vel dicam aut oratoribus boni', 'Dolorem timentis, quod mors sensu careat, dolor in longinquitate levis, in gravitate brevis soleat e', 'Non emolumento aliqu', 'Corretor'),
(26, 'Insidiarum et metus et aegritudines ad dolorem referuntur, nec praeterea est res ulla, quae sua natu', 'Aut Andriam Terentii quam utramque Menandri legam? A quibus tantum dissentio, ut, cum Sophocles vel ', 'Octavio fuit, cum il', 'Comprador'),
(27, 'Aut diuturnum timeret malum, quae perspexit in hoc ipso vitae spatio amicitiae praesidium esse firmi', 'Aegritudines, molestiae, maerores, qui exedunt animos conficiuntque curis hominum non intellegentium', 'Veniamus. Quid tibi,', 'Locador'),
(28, 'Agam, ut ipsi auctori huius disciplinae placet: constituam, quid et quale sit id.', 'Uti velint vel, si suas habent, illas non magnopere desiderent. Qui autem ita frui volunt voluptatib', 'E regione ferrentur ', 'Vendedor'),
(29, 'Offendit; nam et praeterita grate meminit et praesentibus ita potitur, ut animadvertat quanta sint.', 'Fugiamus refert omnia. Quod quamquam Aristippi est a Chrysippo praetermissum in Stoicis? Legimus tam', 'Doloribus asperiores', 'Corretor'),
(30, 'Mihi libro, quem ad modum, quaeso, interpretaris?', 'Primum totus est alienus. Democritea dicit perpauca mutans, sed ita, ut ea.', 'Assumenda est, omnis', 'Locador'),
(31, 'Quoniam autem id est voluptatem. Homines optimi non intellegunt totam rationem everti, si ita res se', 'Torquate. Oratio me istius philosophi non offendit; nam et praeterita et futura. Ut enim ad minim ve', 'Nihil iucundius. Nec', 'Comprador'),
(32, 'Ante dictum est, sic amicitiam negant posse a voluptate aut a dolore. Quod cum ita sit, perspicuum e', 'Occultum. Plerumque improborum facta primo suspicio insequitur, dein sermo atque fama, tum accusator', 'Videntur, deorum tam', 'Vendedor'),
(33, 'Probamus, et gubernatoris ars, quia bene navigandi rationem habet, utilitate, non arte.', 'Optio, cumque nihil impedit, quo minus id, quod his libris quaeritur, qui sit.', 'Sint coniuncta expli', 'Comprador'),
(34, 'Se ipsum, quosque labores propter suam voluptatem susciperet, eosdem suscipiet propter amici.', 'Voluptate ponit, quod summum bonum esse.', 'Concessum est nihil ', 'Locador'),
(35, 'Rationem sequamur monet. Nec enim habet nostra mens quicquam, ubi consistat tamquam in extremo, omne', 'Quod ista Platonis, Aristoteli, Theophrasti orationis ornamenta neglexerit. Nam illud quidem adduci ', 'Terentii quam utramq', 'Vendedor'),
(36, 'Ut te consule, ipsi se indicaverunt. Quodsi qui satis sibi.', 'Addidisti ad extremum etiam indoctum fuisse. Fieri, inquam, Triari, nullo pacto potest, ut errem, se', 'Homero Ennius, Afran', 'Corretor'),
(37, 'Tuo vero id quidem, inquam, arbitratu. Sic faciam igitur, inquit: unam rem explicabo, eamque maximam', 'Cur dubitemus dicere et sapientiam propter voluptates expetendam et dolorem ipsum per se ipsas tam e', 'Si canes, si equos, ', 'Vendedor'),
(38, 'Atomi declinabunt, nullae umquam cohaerescent, sive aliae declinabunt, aliae.', 'Quo ignorare vos arbitrer, sed ut ratione et via procedat oratio. Quaerimus igitur, quid.', 'Cognoscerem, quoniam', 'Corretor'),
(39, 'Metus plena sit, ratio ipsa.', 'Et parvam et non necessariam et quae vel aliter pararetur et qua etiam carere possent sine dolore tu', 'Domesticarum rerum f', 'Locador'),
(40, 'Eaque gaudere ut summo bono, dolorem aspernari ut summum malum et, quantum possit, a se ipse disside', 'Nulli propter eas consequantur dolores, et qui suum iudicium retinent, ne voluptate.', 'Inquit, modo ista si', 'Comprador'),
(41, 'Sit extremum et ultimum bonorum, quod omnium philosophorum sententia tale debet esse, ut eius magnit', 'Gloriae, dominationis, libidinosarum etiam voluptatum. Accedunt aegritudines, molestiae, maerores, q', 'Hinc hostis mi Albuc', 'Corretor'),
(42, 'Possumus. Quam ob rem dissentientium.', 'Ignaviamque vituperari nec fortitudinem patientiamque laudari suo nomine, sed illas reici, quia dolo', 'Poterit aliquid cogn', 'Comprador'),
(43, 'Difficilius satis facere, qui se dicant in Graecis legendis operam malle consumere. Postremo aliquos', 'In varias reprehensiones incurreret. Nam quibusdam, et iis servire, qui vel utrisque litteris uti ve', 'Esse expetendam et i', 'Locador'),
(44, 'Et ortum esse e corpore et ad usus civium non inutile, nosque ea scripta reliquaque eiusdem generis ', 'Inquam, Triari, nullo pacto potest, ut propemodum iustioribus utamur illis, qui omnino avocent.', 'Consectetur adipisci', 'Vendedor'),
(45, 'Et quae fugiamus refert omnia. Quod quamquam Aristippi est a Chrysippo praetermissum in.', 'Uti oratione perpetua malo quam interrogare aut interrogari. Ut placet, inquam. Tum dicere exorsus e', 'Quidem quam fuit que', 'Comprador'),
(46, 'Cum id, quod ipsi statuerunt, non possunt, victi et debilitati obiecta.', 'Et gloriosis satis hoc loco dictum.', 'Animis afferat et eo', 'Corretor'),
(47, 'Eo est consecutus? -- Laudem et caritatem, quae sunt vitae sine metu vivere. Quae est enim contra Cy', 'Finiri, parvos multa habere intervalla.', 'In corpore. Non plac', 'Vendedor'),
(48, 'Teneam sententiam, quid est enim contra Cyrenaicos satis acute, nihil ad iucunde vivendum reperiri p', 'Magnopere desiderent. Qui autem ita frui volunt voluptatibus, ut nulli propter eas consequantur dolo', 'Tot versuum memoria ', 'Locador'),
(49, 'Concursionibus inter se cohaerescant, ex quo efficiantur ea, quae dixi, sole ipso illustriora et cla', 'Tibique, si mihi probabis ea, quae praeterierunt, acri animo et.', 'Quas nulla praeda um', 'Comprador'),
(50, 'Habemus, quae percipitur omni dolore careret, non modo nullam captet, sed.', 'An ille tempus aut in dolore. Omnis autem privatione doloris putat Epicurus terminari summam.', 'Quem tandem hoc stat', 'Vendedor'),
(51, 'Gymnasia, si campum, si canes, si equos, si ludicra exercendi aut venandi consuetudine adamare solem', 'Iuvaret. An ille tempus aut in liberos atque in sanguinem suum tam crudelis fuisse, nihil ut de util', 'In hae esse rogatiun', 'Corretor'),
(52, 'Universas familias evertunt, totam etiam labefactant saepe rem publicam. Ex cupiditatibus odia, disc', 'Notionem, ut alterum esse appetendum, alterum aspernandum sentiamus. Alii autem, quibus ego assentio', 'De qua omne certamen', 'Locador'),
(53, 'Domesticarum rerum fastidium. Non est omnino hic docendi locus; sed.', 'Efficere possimus, molestia liberemus. Ut.', 'De dividendo ac part', 'Vendedor'),
(54, 'Pueri, mutae etiam bestiae paene loquuntur magistra ac duce natura nihil esse maius amicitia, nihil ', 'De litteris, quarum summum erat in utroque studium, deinde Torquatus: Quoniam nacti te, inquit, sumu', 'Dolorem et voluptate', 'Locador'),
(55, 'Reliquerunt. Sed hoc commune vitium, illae Epicuri propriae ruinae: censet enim eadem illa individua', 'Qui nec facile efficere possit, quod melius sit, migrare de vita. His rebus.', 'Cur in gravissimis r', 'Comprador'),
(56, 'Maxime gloriatur, primum totus est alienus. Democritea dicit perpauca mutans, sed ita, ut ea, quae s', 'Videri fuisse in imperio, quales eius maiores fuissent, et in conspectum suum venire vetuit, numquid', 'Vero et Rutilius mul', 'Corretor'),
(57, 'Alii audaces, protervi, idem intemperantes et ignavi, numquam in sententia permanentes, quas ob caus', 'Iucunde vivere. Id qui in una virtute ponunt et splendore nominis capti.', 'Tum amorem effloresc', 'Comprador'),
(58, 'Vel extremum -- quod et posse fieri intellegimus et saepe disserui, Latinam linguam non modo singulo', 'Possum, in eo non arbitrantur. Erunt etiam, et ii quidem eruditi Graecis litteris, contemnentes Lati', 'Tradere et negent sa', 'Locador'),
(59, 'Suum iudicium retinent, ne voluptate victi faciant id, quod his libris quaeritur, qui sit finis, qui', 'Elegans, personae tamen et dignitatis esse negent. Contra quos omnis dicendum breviter existimo. Qua', 'Ea tamen, quae te ip', 'Vendedor'),
(60, 'Solum incommoda, quae eveniunt inprobis, fugiendam inprobitatem putamus, sed multo etiam magis.', 'Propriae ruinae: censet enim eadem illa individua et solida corpora ferri deorsum suo pondere ad lin', 'Causas in eorum vita', 'Corretor'),
(61, 'Id omne oritur a sensibus; qui si omnes atomi declinabunt, nullae umquam cohaerescent, sive aliae de', 'Quisquam beatus neque sapientium non beatus. Multoque hoc melius nos veriusque quam.', 'Autem quidam Epicure', 'Locador'),
(62, 'Faciunt, ut ita dicam, et ad tranquillitatem ferant, quid est enim aut utilior aut ad beatam aut ad ', 'Eo ortum, tam inportuno tamque crudeli; sin, ut dolore suo.', 'Esset accusata et vi', 'Comprador'),
(63, 'Profecta vera esse non possunt et, si essent vera, nihil afferrent, quo iucundius, id est praesentib', 'Regula et iudicio ab eadem illa individua et solida corpora ferri deorsum suo pondere ad lineam, hun', 'Hoc placeat, moderat', 'Vendedor'),
(64, 'Istius philosophi non offendit; nam et complectitur verbis, quod vult, et dicit plane, quod intelleg', 'In quo etiam Democritus haeret, turbulenta concursio hunc mundi ornatum efficere non poterit. Ne.', 'Praeter sedulitatem ', 'Corretor'),
(65, 'Est ullus investigandi veri, nisi inveneris, et quaerendi defatigatio turpis est, cum esset accusata', 'Modo efficiatur concludaturque ratio tradit, non qua via captiosa solvantur ambigua distinguantur.', 'Dicantur, cur nec vo', 'Vendedor'),
(66, 'Amarissimam necesse est aut in poetis evolvendis, ut ego et Triarius te hortatore facimus, consumere', 'Quae mutat, ea corrumpit, quae sequitur sunt tota Democriti, atomi, inane, imagines, quae eidola nom', 'Ego arbitror unum vi', 'Locador'),
(67, 'Hoc, qui eum unum secutus esset.', 'Dicit plane, quod intellegam; et.', 'Gravissimas res cons', 'Comprador'),
(68, 'Aut voluptatem aut molestiam plus aut ad beatam aut ad bene vivendum aptior partitio quam illa, qua ', 'Est? Tuo vero id quidem, inquam, arbitratu. Sic faciam igitur, inquit: unam rem explicabo, eamque.', 'Salutandi causa uter', 'Corretor'),
(69, 'Quidem videtur. Ac fieri potest, ut propemodum iustioribus utamur illis, qui omnino avocent a philos', 'In hae esse rogatiuncula delectatum: ''Numquidnam manus tua sic affecta, quem ad.', 'Alios a studiis. Qua', 'Corretor'),
(70, 'Erant, ad quorum iudicium elaboraret, et sunt illius scripta leviora, ut urbanitas summa appareat, d', 'Provident ob eamque debilitatem animi multi parentes, multi amicos.', 'Sensus, ut ita dicam', 'Locador'),
(71, 'Amici propter se ipsos penitus perdiderunt, sic robustus animus et excelsus omni est liber cura et a', 'Iudicari, sed animo etiam ac ratione intellegi posse et voluptatem ipsam per.', 'Distrahi possint, si', 'Comprador'),
(72, 'Ratio reperietur. Nam neque laborum perfunctio neque perpessio dolorum per se ipsam causam.', 'Uti oratione perpetua malo quam interrogare aut interrogari. Ut placet, inquam. Tum dicere exorsus e', 'Intellegere, quid di', 'Vendedor'),
(73, 'A Latinis, quod inciderint in inculta quaedam et horrida, de malis Graecis Latine scripta deterius. ', 'Amicitia, nihil uberius, nihil iucundius. Nec vero quisquam.', 'Inducitur: finitas h', 'Vendedor'),
(74, 'Tenuit amicorum greges! Quod fit etiam nunc ab Epicureis. Sed ad rem redeamus; de hominibus dici non', 'De homine sensibus reliqui nihil est, necesse est, non expeteretur.', 'Potest esse dubium, ', 'Corretor'),
(75, 'Et operosam et perinde fructuosam relinqueret? Non ergo Epicurus ineruditus, sed ii indocti, qui, qu', 'Logikh dicitur, iste vester plane, ut mihi videtur, expediunt. Ut enim aeque doleamus animo, cum cor', 'Ab Homero Ennius, Af', 'Comprador'),
(76, '--, quamquam autem et praeterita et futura. Ut enim ad minima veniam, quis nostrud exercitation ulla', 'Qua quaeque res efficiatur, alterum, quae vis sit, quae quidque efficiat, de materia disseruerunt, v', 'Levamur superstition', 'Locador'),
(77, 'Macedonum legatis accusantibus, quod pecunias praetorem in provincia cepisse arguerent, causam apud ', 'Ipsam voluptatem, quia voluptas sit, aspernatur aut odit aut fugit, sed quia maiores consequatur. Ea', 'Quod nullam eruditio', 'Comprador'),
(78, 'Tota ab illo est, tum innumerabiles mundi, qui et oriantur et intereant cotidie. Quae etsi mihi null', 'Spe proposita fore levius aliquando, nulla praeterea neque praesenti nec expectata voluptate, quid e', 'Non placuit Epicuro ', 'Vendedor'),
(79, 'Nos vocet ad se et alliciat suapte natura, non potest esse dubium, quin id sit summum atque extremum', 'Amicos et nosmet ipsos diligamus, idcirco et hoc ipsum efficitur in amicitia, et amicitia cum.', 'In Ceramico Chrysipp', 'Corretor'),
(80, 'Omnes bene sanos in viam placatae, tranquillae, quietae.', 'Sit summum atque extremum bonorum omnium, beateque vivere nihil aliud sit nisi cum voluptate vivere.', 'Meminerit maximos mo', 'Locador'),
(81, 'Dolorem. Ad haec et quae fugiamus refert omnia. Quod quamquam Aristippi est a Cyrenaicisque melius l', 'Legendus sit. Rudem enim esse omnino in nostris poetis aut inertissimae segnitiae est aut fastidii d', 'Potiora. Quid est cu', 'Comprador'),
(82, 'Domus; quo minus animus a se repellere, idque facere nondum.', 'Quid ei reliquisti, nisi te, quoquo modo loqueretur, intellegere, quid diceret? Aliena dixit in phys', 'Solum iactant nec ta', 'Locador'),
(83, 'Cum ea, quae hoc non minus declarant, sed.', 'Reliquerunt. Sed hoc commune vitium, illae Epicuri propriae ruinae: censet enim eadem illa atomorum,', 'Molestiae consequatu', 'Vendedor'),
(84, 'Inquit; audire enim cupio, quid non probes eius, a quo dissentias. Quid enim me.', '--, sic isti curiosi, quos offendit noster minime nobis iniucundus labor. Iis igitur est non miser. ', 'Et dolores nasci fat', 'Corretor'),
(85, 'Minimum, quod profecto numquam putavisset, si a Polyaeno, familiari suo, geometrica discere maluisse', 'Id est in quo etiam Democritus haeret, turbulenta concursio hunc mundi ornatum efficere non poterit.', 'Futuris, sed expecta', 'Comprador'),
(86, 'In infinito inani, in quo etiam Democritus haeret, turbulenta concursio hunc mundi ornatum.', 'Omnis dicendum breviter existimo. Quamquam philosophiae quidem vituperatoribus satis.', 'Inviti legant. Quis ', 'Corretor'),
(87, 'Sed certe non probes, eum.', 'Et Siculis scribere. Facete is quidem, sicut alia; sed neque tam docti tum erant, ad quorum iudicium', 'Liberabuntur: istae ', 'Vendedor'),
(88, 'Ne temperantiam quidem propter se ipsos diligant. Quod et acutum genus est.', 'Quod sentiant non esse faciendum, ii voluptatem maximam adipiscuntur praetermittenda voluptate. Idem', 'Extremum bonorum omn', 'Locador'),
(89, 'Et sine metu degendae praesidia firmissima. -- Filium.', 'Pertinax non ero tibique, si mihi probabis ea, quae corrigere vult, mihi quidem videtur, inermis ac ', 'Ait ille, sciscat et', 'Corretor'),
(90, 'Optari, quia voluptatem. Iustitia restat, ut de utilitatibus, nihil ut de utilitatibus, nihil ut de.', 'Confirmavit animum, ne quod aut sempiternum aut diuturnum timeret malum, quae perspexit in hoc ipso ', 'Inquit, non satisfac', 'Locador'),
(91, 'Iis artibus, quas qui tenent, eruditi appellantur -- aut ne.', 'Si non habeat, non admodum indoctis, totum hoc displicet philosophari. Quidam autem non tam id repre', 'Etiam, ut te consule', 'Comprador'),
(92, 'Plane sic verterem Platonem aut Aristotelem, ut verterunt nostri poetae fabulas, male, credo, merere', 'Equos, si ludicra exercendi aut venandi consuetudine adamare solemus, quanto id in hominum consuetud', 'Factis non emolument', 'Vendedor'),
(93, 'Sic in omni re doloris amotio successionem efficit voluptatis. Itaque non placuit Epicuro medium ess', 'Usus civium non inutile, nosque ea scripta reliquaque eiusdem generis et legimus libenter et legemus', 'D. Silano emancipave', 'Locador'),
(94, 'Explicari; verum enim invenire volumus, non tamquam adversarium aliquem convincere. Accurate autem.', 'Ego et Triarius te hortatore facimus, consumeret, in quibus hoc primum est in voluptate. Neque enim ', 'Et semper sollicitan', 'Comprador'),
(95, 'Et consuetudinum instituendarum voluntates fieri propter voluptatem; quod vero securi percussit fili', 'Quo iucundius, id est laborum et dolorum fuga. Et harum quidem rerum facilis est et expedita distinc', 'Initiis profecta ver', 'Corretor'),
(96, 'Tempus numquam est plurimum et, cum stultorum vitam cum sua comparat, magna.', 'Fructuosam relinqueret? Non ergo Epicurus ineruditus, sed ii indocti, qui.', 'Quod vitam adiuvet, ', 'Vendedor'),
(97, 'Nulla praeda umquam improbe parta minuit, sed potius inflammat, ut coercendi magis quam dedocendi es', 'Initiis profecta vera esse non possunt, victi et debilitati obiecta specie voluptatis tradunt se lib', 'Si plane sic vertere', 'Vendedor'),
(98, 'Tam inimicus paene nomini Romano est, qui alienae modum statuat industriae? Nam.', 'Pecuniae studuisse aut imperiis aut opibus aut gloriae. Nullas enim consequuntur voluptates.', 'Et parabilis et term', 'Corretor'),
(99, 'Tantis animi corporisque doloribus, quanti in hominem maximi cadere possunt, nulla spe proposita for', 'Sit numeranda nec in malis dolor, non existimant oportere nimium nos causae confidere, sed.', 'Autem morbi sunt cup', 'Comprador'),
(100, 'Necesse est effici, ut sapiens solum amputata circumcisaque inanitate omni et errore naturae finibus', 'Quod vult. Nam et praeterita grate meminit et praesentibus ita potitur, ut animadvertat quanta sint ', 'Non ergo Epicurus in', 'Locador');


-- fabricate-flush


SET FOREIGN_KEY_CHECKS = 1;
